"TABLE 5.—LIST OF MEDICARE SEVERITY DIAGNOSIS-RELATED GROUPS (MS-DRGS), RELATIVE WEIGHTING FACTORS, AND GEOMETRIC AND ARITHMETIC MEAN LENGTH OF STAY—FY 2015 Proposed Rule",,,,,,,,,
MS-DRG ,FY 2015 NPRM Post-Acute DRG,FY 2015 NPRM Special Pay DRG,MDC,TYPE,MS-DRG Title,Weights,Geometric mean LOS,Arithmetic mean LOS,
001,No,No,PRE,SURG,HEART TRANSPLANT OR IMPLANT OF HEART ASSIST SYSTEM W MCC,25.3195,28.0,35.8,
002,No,No,PRE,SURG,HEART TRANSPLANT OR IMPLANT OF HEART ASSIST SYSTEM W/O MCC,15.6999,15.6,18.5,
003,Yes,No,PRE,SURG,"ECMO OR TRACH W MV 96+ HRS OR PDX EXC FACE, MOUTH & NECK W MAJ O.R.",17.5094,26.1,31.8,
004,Yes,No,PRE,SURG,"TRACH W MV 96+ HRS OR PDX EXC FACE, MOUTH & NECK W/O MAJ O.R.",10.8551,20.2,24.4,
005,No,No,PRE,SURG,LIVER TRANSPLANT W MCC OR INTESTINAL TRANSPLANT,10.3557,15.0,20.3,
006,No,No,PRE,SURG,LIVER TRANSPLANT W/O MCC,4.7655,7.9,8.8,
007,No,No,PRE,SURG,LUNG TRANSPLANT,9.1852,15.8,18.3,
008,No,No,PRE,SURG,SIMULTANEOUS PANCREAS/KIDNEY TRANSPLANT,5.3640,9.9,11.4,
010,No,No,PRE,SURG,PANCREAS TRANSPLANT,4.0816,7.9,9.7,
011,No,No,PRE,SURG,"TRACHEOSTOMY FOR FACE,MOUTH & NECK DIAGNOSES W MCC",4.7455,11.3,14.1,
012,No,No,PRE,SURG,"TRACHEOSTOMY FOR FACE,MOUTH & NECK DIAGNOSES W CC",3.3310,8.4,10.0,
013,No,No,PRE,SURG,"TRACHEOSTOMY FOR FACE,MOUTH & NECK DIAGNOSES W/O CC/MCC",2.1444,5.8,6.6,
014,No,No,PRE,SURG,ALLOGENEIC BONE MARROW TRANSPLANT,10.6958,19.4,24.6,
016,No,No,PRE,SURG,AUTOLOGOUS BONE MARROW TRANSPLANT W CC/MCC,5.8510,17.4,19.1,
017,No,No,PRE,SURG,AUTOLOGOUS BONE MARROW TRANSPLANT W/O CC/MCC,4.1389,8.8,12.3,
020,No,No,01,SURG,INTRACRANIAL VASCULAR PROCEDURES W PDX HEMORRHAGE W MCC,9.4201,13.9,16.7,
021,No,No,01,SURG,INTRACRANIAL VASCULAR PROCEDURES W PDX HEMORRHAGE W CC,7.1570,11.9,13.4,
022,No,No,01,SURG,INTRACRANIAL VASCULAR PROCEDURES W PDX HEMORRHAGE W/O CC/MCC,4.5008,6.3,7.8,
023,Yes,No,01,SURG,CRANIO W MAJOR DEV IMPL/ACUTE COMPLEX CNS PDX W MCC OR CHEMO IMPLANT,5.3000,7.9,11.0,
024,Yes,No,01,SURG,CRANIO W MAJOR DEV IMPL/ACUTE COMPLEX CNS PDX W/O MCC,3.7042,4.4,6.3,
025,Yes,No,01,SURG,CRANIOTOMY & ENDOVASCULAR INTRACRANIAL PROCEDURES W MCC,4.3484,7.4,9.6,
026,Yes,No,01,SURG,CRANIOTOMY & ENDOVASCULAR INTRACRANIAL PROCEDURES W CC,3.0117,4.7,6.1,
027,Yes,No,01,SURG,CRANIOTOMY & ENDOVASCULAR INTRACRANIAL PROCEDURES W/O CC/MCC,2.2884,2.5,3.3,
028,Yes,Yes,01,SURG,SPINAL PROCEDURES W MCC,5.6370,9.5,12.2,
029,Yes,Yes,01,SURG,SPINAL PROCEDURES W CC OR SPINAL NEUROSTIMULATORS,3.2176,4.9,6.4,
030,Yes,Yes,01,SURG,SPINAL PROCEDURES W/O CC/MCC,1.7949,2.6,3.4,
031,Yes,No,01,SURG,VENTRICULAR SHUNT PROCEDURES W MCC,3.8239,7.7,10.9,
032,Yes,No,01,SURG,VENTRICULAR SHUNT PROCEDURES W CC,1.9875,3.3,4.7,
033,Yes,No,01,SURG,VENTRICULAR SHUNT PROCEDURES W/O CC/MCC,1.5700,2.0,2.5,
034,No,No,01,SURG,CAROTID ARTERY STENT PROCEDURE W MCC,3.7196,4.5,6.6,
035,No,No,01,SURG,CAROTID ARTERY STENT PROCEDURE W CC,2.2188,2.0,2.9,
036,No,No,01,SURG,CAROTID ARTERY STENT PROCEDURE W/O CC/MCC,1.7468,1.3,1.5,
037,No,No,01,SURG,EXTRACRANIAL PROCEDURES W MCC,3.1458,5.6,8.0,
038,No,No,01,SURG,EXTRACRANIAL PROCEDURES W CC,1.5900,2.3,3.4,
039,No,No,01,SURG,EXTRACRANIAL PROCEDURES W/O CC/MCC,1.0618,1.3,1.6,
040,Yes,Yes,01,SURG,PERIPH/CRANIAL NERVE & OTHER NERV SYST PROC W MCC,3.9148,8.2,11.1,
041,Yes,Yes,01,SURG,PERIPH/CRANIAL NERVE & OTHER NERV SYST PROC W CC OR PERIPH NEUROSTIM,2.1627,4.8,6.2,
042,Yes,Yes,01,SURG,PERIPH/CRANIAL NERVE & OTHER NERV SYST PROC W/O CC/MCC,1.8655,2.7,3.5,
052,No,No,01,MED,SPINAL DISORDERS & INJURIES W CC/MCC,1.5848,4.2,5.7,
053,No,No,01,MED,SPINAL DISORDERS & INJURIES W/O CC/MCC,0.9325,2.7,3.5,
054,Yes,No,01,MED,NERVOUS SYSTEM NEOPLASMS W MCC,1.2854,4.0,5.3,
055,Yes,No,01,MED,NERVOUS SYSTEM NEOPLASMS W/O MCC,1.0078,3.0,4.1,
056,Yes,No,01,MED,DEGENERATIVE NERVOUS SYSTEM DISORDERS W MCC,1.7377,5.2,7.0,
057,Yes,No,01,MED,DEGENERATIVE NERVOUS SYSTEM DISORDERS W/O MCC,1.0017,3.6,4.8,
058,No,No,01,MED,MULTIPLE SCLEROSIS & CEREBELLAR ATAXIA W MCC,1.6214,5.2,7.0,
059,No,No,01,MED,MULTIPLE SCLEROSIS & CEREBELLAR ATAXIA W CC,1.0162,3.9,4.7,
060,No,No,01,MED,MULTIPLE SCLEROSIS & CEREBELLAR ATAXIA W/O CC/MCC,0.7859,3.0,3.6,
061,No,No,01,MED,ACUTE ISCHEMIC STROKE W USE OF THROMBOLYTIC AGENT W MCC,2.8248,5.7,7.4,
062,No,No,01,MED,ACUTE ISCHEMIC STROKE W USE OF THROMBOLYTIC AGENT W CC,1.8865,4.1,4.8,
063,No,No,01,MED,ACUTE ISCHEMIC STROKE W USE OF THROMBOLYTIC AGENT W/O CC/MCC,1.5093,3.0,3.4,
064,Yes,No,01,MED,INTRACRANIAL HEMORRHAGE OR CEREBRAL INFARCTION W MCC,1.7366,4.6,6.2,
065,Yes,No,01,MED,INTRACRANIAL HEMORRHAGE OR CEREBRAL INFARCTION W CC OR TPA IN 24 HRS,1.0638,3.4,4.2,
066,Yes,No,01,MED,INTRACRANIAL HEMORRHAGE OR CEREBRAL INFARCTION W/O CC/MCC,0.7474,2.4,2.8,
067,No,No,01,MED,NONSPECIFIC CVA & PRECEREBRAL OCCLUSION W/O INFARCT W MCC,1.4440,4.0,5.3,
068,No,No,01,MED,NONSPECIFIC CVA & PRECEREBRAL OCCLUSION W/O INFARCT W/O MCC,0.8364,2.4,3.0,
069,No,No,01,MED,TRANSIENT ISCHEMIA,0.6985,2.1,2.6,
070,Yes,No,01,MED,NONSPECIFIC CEREBROVASCULAR DISORDERS W MCC,1.6424,4.8,6.5,
071,Yes,No,01,MED,NONSPECIFIC CEREBROVASCULAR DISORDERS W CC,0.9756,3.5,4.5,
072,Yes,No,01,MED,NONSPECIFIC CEREBROVASCULAR DISORDERS W/O CC/MCC,0.6904,2.3,2.9,
073,No,No,01,MED,CRANIAL & PERIPHERAL NERVE DISORDERS W MCC,1.3243,4.0,5.4,
074,No,No,01,MED,CRANIAL & PERIPHERAL NERVE DISORDERS W/O MCC,0.8838,3.0,3.8,
075,No,No,01,MED,VIRAL MENINGITIS W CC/MCC,1.6522,5.2,6.6,
076,No,No,01,MED,VIRAL MENINGITIS W/O CC/MCC,0.8626,3.2,3.8,
077,No,No,01,MED,HYPERTENSIVE ENCEPHALOPATHY W MCC,1.5992,4.6,5.9,
078,No,No,01,MED,HYPERTENSIVE ENCEPHALOPATHY W CC,0.9359,3.2,4.0,
079,No,No,01,MED,HYPERTENSIVE ENCEPHALOPATHY W/O CC/MCC,0.6671,2.3,2.7,
080,No,No,01,MED,NONTRAUMATIC STUPOR & COMA W MCC,1.2765,3.7,5.2,
081,No,No,01,MED,NONTRAUMATIC STUPOR & COMA W/O MCC,0.7841,2.7,3.6,
082,No,No,01,MED,"TRAUMATIC STUPOR & COMA, COMA >1 HR W MCC",1.9106,3.2,5.4,
083,No,No,01,MED,"TRAUMATIC STUPOR & COMA, COMA >1 HR W CC",1.2380,3.3,4.2,
084,No,No,01,MED,"TRAUMATIC STUPOR & COMA, COMA >1 HR W/O CC/MCC",0.8567,2.1,2.6,
085,Yes,No,01,MED,"TRAUMATIC STUPOR & COMA, COMA <1 HR W MCC",1.9772,4.7,6.5,
086,Yes,No,01,MED,"TRAUMATIC STUPOR & COMA, COMA <1 HR W CC",1.1175,3.3,4.1,
087,Yes,No,01,MED,"TRAUMATIC STUPOR & COMA, COMA <1 HR W/O CC/MCC",0.7423,2.1,2.6,
088,No,No,01,MED,CONCUSSION W MCC,1.5254,3.8,5.3,
089,No,No,01,MED,CONCUSSION W CC,0.9501,2.7,3.3,
090,No,No,01,MED,CONCUSSION W/O CC/MCC,0.7242,1.8,2.2,
091,Yes,No,01,MED,OTHER DISORDERS OF NERVOUS SYSTEM W MCC,1.5964,4.2,5.9,
092,Yes,No,01,MED,OTHER DISORDERS OF NERVOUS SYSTEM W CC,0.8868,3.1,3.9,
093,Yes,No,01,MED,OTHER DISORDERS OF NERVOUS SYSTEM W/O CC/MCC,0.6765,2.2,2.7,
094,No,No,01,MED,BACTERIAL & TUBERCULOUS INFECTIONS OF NERVOUS SYSTEM W MCC,3.3307,8.2,10.7,
095,No,No,01,MED,BACTERIAL & TUBERCULOUS INFECTIONS OF NERVOUS SYSTEM W CC,2.3818,6.0,7.6,
096,No,No,01,MED,BACTERIAL & TUBERCULOUS INFECTIONS OF NERVOUS SYSTEM W/O CC/MCC,2.0645,4.5,5.3,
097,No,No,01,MED,NON-BACTERIAL INFECT OF NERVOUS SYS EXC VIRAL MENINGITIS W MCC,3.1542,8.5,10.9,
098,No,No,01,MED,NON-BACTERIAL INFECT OF NERVOUS SYS EXC VIRAL MENINGITIS W CC,1.7105,5.4,6.9,
099,No,No,01,MED,NON-BACTERIAL INFECT OF NERVOUS SYS EXC VIRAL MENINGITIS W/O CC/MCC,1.1595,3.8,4.7,
100,Yes,No,01,MED,SEIZURES W MCC,1.5307,4.2,5.6,
101,Yes,No,01,MED,SEIZURES W/O MCC,0.7506,2.6,3.2,
102,No,No,01,MED,HEADACHES W MCC,1.0029,3.0,4.0,
103,No,No,01,MED,HEADACHES W/O MCC,0.6914,2.3,2.9,
113,No,No,02,SURG,ORBITAL PROCEDURES W CC/MCC,1.8608,3.8,5.2,
114,No,No,02,SURG,ORBITAL PROCEDURES W/O CC/MCC,1.1484,2.3,3.1,
115,No,No,02,SURG,EXTRAOCULAR PROCEDURES EXCEPT ORBIT,1.2673,3.4,4.5,
116,No,No,02,SURG,INTRAOCULAR PROCEDURES W CC/MCC,1.4048,3.3,4.6,
117,No,No,02,SURG,INTRAOCULAR PROCEDURES W/O CC/MCC,0.8237,1.8,2.2,
121,No,No,02,MED,ACUTE MAJOR EYE INFECTIONS W CC/MCC,1.0566,4.0,5.0,
122,No,No,02,MED,ACUTE MAJOR EYE INFECTIONS W/O CC/MCC,0.6328,3.1,3.8,
123,No,No,02,MED,NEUROLOGICAL EYE DISORDERS,0.6697,2.0,2.5,
124,No,No,02,MED,OTHER DISORDERS OF THE EYE W MCC,1.1381,3.4,4.6,
125,No,No,02,MED,OTHER DISORDERS OF THE EYE W/O MCC,0.6827,2.4,3.1,
129,No,No,03,SURG,MAJOR HEAD & NECK PROCEDURES W CC/MCC OR MAJOR DEVICE,2.3327,3.8,5.4,
130,No,No,03,SURG,MAJOR HEAD & NECK PROCEDURES W/O CC/MCC,1.2540,2.3,2.8,
131,No,No,03,SURG,CRANIAL/FACIAL PROCEDURES W CC/MCC,2.3676,4.1,5.7,
132,No,No,03,SURG,CRANIAL/FACIAL PROCEDURES W/O CC/MCC,1.4156,2.1,2.7,
133,No,No,03,SURG,"OTHER EAR, NOSE, MOUTH & THROAT O.R. PROCEDURES W CC/MCC",1.8607,3.7,5.4,
134,No,No,03,SURG,"OTHER EAR, NOSE, MOUTH & THROAT O.R. PROCEDURES W/O CC/MCC",1.0034,1.8,2.3,
135,No,No,03,SURG,SINUS & MASTOID PROCEDURES W CC/MCC,1.9126,4.2,5.8,
136,No,No,03,SURG,SINUS & MASTOID PROCEDURES W/O CC/MCC,1.0417,1.7,2.3,
137,No,No,03,SURG,MOUTH PROCEDURES W CC/MCC,1.3639,3.7,4.9,
138,No,No,03,SURG,MOUTH PROCEDURES W/O CC/MCC,0.7811,1.9,2.3,
139,No,No,03,SURG,SALIVARY GLAND PROCEDURES,0.9634,1.5,2.0,
146,No,No,03,MED,"EAR, NOSE, MOUTH & THROAT MALIGNANCY W MCC",1.9735,5.8,8.2,
147,No,No,03,MED,"EAR, NOSE, MOUTH & THROAT MALIGNANCY W CC",1.2851,3.9,5.4,
148,No,No,03,MED,"EAR, NOSE, MOUTH & THROAT MALIGNANCY W/O CC/MCC",0.8058,2.3,3.1,
149,No,No,03,MED,DYSEQUILIBRIUM,0.6335,2.0,2.5,
150,No,No,03,MED,EPISTAXIS W MCC,1.2825,3.6,4.9,
151,No,No,03,MED,EPISTAXIS W/O MCC,0.6687,2.2,2.7,
152,No,No,03,MED,OTITIS MEDIA & URI W MCC,1.0141,3.6,4.5,
153,No,No,03,MED,OTITIS MEDIA & URI W/O MCC,0.6872,2.7,3.2,
154,No,No,03,MED,"OTHER EAR, NOSE, MOUTH & THROAT DIAGNOSES W MCC",1.3704,4.1,5.4,
155,No,No,03,MED,"OTHER EAR, NOSE, MOUTH & THROAT DIAGNOSES W CC",0.8961,3.1,3.9,
156,No,No,03,MED,"OTHER EAR, NOSE, MOUTH & THROAT DIAGNOSES W/O CC/MCC",0.6500,2.3,2.8,
157,No,No,03,MED,DENTAL & ORAL DISEASES W MCC,1.5796,4.7,6.4,
158,No,No,03,MED,DENTAL & ORAL DISEASES W CC,0.8482,3.0,3.9,
159,No,No,03,MED,DENTAL & ORAL DISEASES W/O CC/MCC,0.5905,2.0,2.5,
163,Yes,No,04,SURG,MAJOR CHEST PROCEDURES W MCC,5.0397,10.7,13.1,
164,Yes,No,04,SURG,MAJOR CHEST PROCEDURES W CC,2.6070,5.4,6.6,
165,Yes,No,04,SURG,MAJOR CHEST PROCEDURES W/O CC/MCC,1.8161,3.3,3.9,
166,Yes,No,04,SURG,OTHER RESP SYSTEM O.R. PROCEDURES W MCC,3.6565,8.7,11.0,
167,Yes,No,04,SURG,OTHER RESP SYSTEM O.R. PROCEDURES W CC,1.9783,5.2,6.6,
168,Yes,No,04,SURG,OTHER RESP SYSTEM O.R. PROCEDURES W/O CC/MCC,1.3154,3.1,3.9,
175,Yes,No,04,MED,PULMONARY EMBOLISM W MCC,1.5271,5.2,6.3,
176,Yes,No,04,MED,PULMONARY EMBOLISM W/O MCC,0.9524,3.5,4.2,
177,Yes,No,04,MED,RESPIRATORY INFECTIONS & INFLAMMATIONS W MCC,1.9502,6.2,7.7,
178,Yes,No,04,MED,RESPIRATORY INFECTIONS & INFLAMMATIONS W CC,1.3880,5.0,6.1,
179,Yes,No,04,MED,RESPIRATORY INFECTIONS & INFLAMMATIONS W/O CC/MCC,0.9496,3.7,4.5,
180,No,No,04,MED,RESPIRATORY NEOPLASMS W MCC,1.7164,5.3,6.9,
181,No,No,04,MED,RESPIRATORY NEOPLASMS W CC,1.1555,3.7,4.8,
182,No,No,04,MED,RESPIRATORY NEOPLASMS W/O CC/MCC,0.8011,2.5,3.2,
183,No,No,04,MED,MAJOR CHEST TRAUMA W MCC,1.5587,4.8,6.1,
184,No,No,04,MED,MAJOR CHEST TRAUMA W CC,0.9968,3.4,4.0,
185,No,No,04,MED,MAJOR CHEST TRAUMA W/O CC/MCC,0.6596,2.4,2.8,
186,Yes,No,04,MED,PLEURAL EFFUSION W MCC,1.5451,4.8,6.2,
187,Yes,No,04,MED,PLEURAL EFFUSION W CC,1.0521,3.5,4.5,
188,Yes,No,04,MED,PLEURAL EFFUSION W/O CC/MCC,0.7526,2.6,3.2,
189,No,No,04,MED,PULMONARY EDEMA & RESPIRATORY FAILURE,1.2140,3.9,5.0,
190,Yes,No,04,MED,CHRONIC OBSTRUCTIVE PULMONARY DISEASE W MCC,1.1741,4.2,5.1,
191,Yes,No,04,MED,CHRONIC OBSTRUCTIVE PULMONARY DISEASE W CC,0.9254,3.4,4.2,
192,Yes,No,04,MED,CHRONIC OBSTRUCTIVE PULMONARY DISEASE W/O CC/MCC,0.7152,2.8,3.3,
193,Yes,No,04,MED,SIMPLE PNEUMONIA & PLEURISY W MCC,1.4481,4.9,6.0,
194,Yes,No,04,MED,SIMPLE PNEUMONIA & PLEURISY W CC,0.9568,3.8,4.5,
195,Yes,No,04,MED,SIMPLE PNEUMONIA & PLEURISY W/O CC/MCC,0.7000,2.9,3.4,
196,Yes,No,04,MED,INTERSTITIAL LUNG DISEASE W MCC,1.6609,5.4,6.9,
197,Yes,No,04,MED,INTERSTITIAL LUNG DISEASE W CC,1.0474,3.7,4.6,
198,Yes,No,04,MED,INTERSTITIAL LUNG DISEASE W/O CC/MCC,0.7988,2.7,3.4,
199,No,No,04,MED,PNEUMOTHORAX W MCC,1.8837,5.8,7.5,
200,No,No,04,MED,PNEUMOTHORAX W CC,1.0063,3.4,4.4,
201,No,No,04,MED,PNEUMOTHORAX W/O CC/MCC,0.7061,2.5,3.2,
202,No,No,04,MED,BRONCHITIS & ASTHMA W CC/MCC,0.8765,3.2,3.9,
203,No,No,04,MED,BRONCHITIS & ASTHMA W/O CC/MCC,0.6522,2.5,3.0,
204,No,No,04,MED,RESPIRATORY SIGNS & SYMPTOMS,0.7015,2.1,2.7,
205,Yes,No,04,MED,OTHER RESPIRATORY SYSTEM DIAGNOSES W MCC,1.3684,4.0,5.3,
206,Yes,No,04,MED,OTHER RESPIRATORY SYSTEM DIAGNOSES W/O MCC,0.7868,2.5,3.2,
207,Yes,No,04,MED,RESPIRATORY SYSTEM DIAGNOSIS W VENTILATOR SUPPORT 96+ HOURS,5.3477,12.4,14.3,
208,No,No,04,MED,RESPIRATORY SYSTEM DIAGNOSIS W VENTILATOR SUPPORT <96 HOURS,2.3004,5.0,6.8,
215,No,No,05,SURG,OTHER HEART ASSIST SYSTEM IMPLANT,15.4716,11.2,17.2,
216,Yes,Yes,05,SURG,CARDIAC VALVE & OTH MAJ CARDIOTHORACIC PROC W CARD CATH W MCC,9.8118,13.1,15.8,
217,Yes,Yes,05,SURG,CARDIAC VALVE & OTH MAJ CARDIOTHORACIC PROC W CARD CATH W CC,6.4790,8.8,10.0,
218,Yes,Yes,05,SURG,CARDIAC VALVE & OTH MAJ CARDIOTHORACIC PROC W CARD CATH W/O CC/MCC,5.5410,6.5,7.3,
219,Yes,Yes,05,SURG,CARDIAC VALVE & OTH MAJ CARDIOTHORACIC PROC W/O CARD CATH W MCC,7.9946,9.8,11.9,
220,Yes,Yes,05,SURG,CARDIAC VALVE & OTH MAJ CARDIOTHORACIC PROC W/O CARD CATH W CC,5.3158,6.6,7.3,
221,Yes,Yes,05,SURG,CARDIAC VALVE & OTH MAJ CARDIOTHORACIC PROC W/O CARD CATH W/O CC/MCC,4.6486,4.9,5.4,
222,No,No,05,SURG,CARDIAC DEFIB IMPLANT W CARDIAC CATH W AMI/HF/SHOCK W MCC,8.7210,9.9,12.0,
223,No,No,05,SURG,CARDIAC DEFIB IMPLANT W CARDIAC CATH W AMI/HF/SHOCK W/O MCC,6.3543,4.4,6.0,
224,No,No,05,SURG,CARDIAC DEFIB IMPLANT W CARDIAC CATH W/O AMI/HF/SHOCK W MCC,7.7565,7.9,9.8,
225,No,No,05,SURG,CARDIAC DEFIB IMPLANT W CARDIAC CATH W/O AMI/HF/SHOCK W/O MCC,5.9312,4.1,4.9,
226,No,No,05,SURG,CARDIAC DEFIBRILLATOR IMPLANT W/O CARDIAC CATH W MCC,7.2126,6.3,8.7,
227,No,No,05,SURG,CARDIAC DEFIBRILLATOR IMPLANT W/O CARDIAC CATH W/O MCC,5.5310,2.4,3.5,
228,No,No,05,SURG,OTHER CARDIOTHORACIC PROCEDURES W MCC,7.3439,11.2,13.5,
229,No,No,05,SURG,OTHER CARDIOTHORACIC PROCEDURES W CC,4.4679,6.5,7.4,
230,No,No,05,SURG,OTHER CARDIOTHORACIC PROCEDURES W/O CC/MCC,4.0903,4.3,4.9,
231,No,No,05,SURG,CORONARY BYPASS W PTCA W MCC,7.7411,10.6,12.5,
232,No,No,05,SURG,CORONARY BYPASS W PTCA W/O MCC,5.6132,7.9,8.6,
233,Yes,No,05,SURG,CORONARY BYPASS W CARDIAC CATH W MCC,7.3580,11.8,13.3,
234,Yes,No,05,SURG,CORONARY BYPASS W CARDIAC CATH W/O MCC,4.8870,8.0,8.6,
235,Yes,No,05,SURG,CORONARY BYPASS W/O CARDIAC CATH W MCC,5.7186,9.0,10.3,
236,Yes,No,05,SURG,CORONARY BYPASS W/O CARDIAC CATH W/O MCC,3.8076,6.0,6.5,
237,No,No,05,SURG,MAJOR CARDIOVASC PROCEDURES W MCC,5.0963,6.7,9.6,
238,No,No,05,SURG,MAJOR CARDIOVASC PROCEDURES W/O MCC,3.4559,2.6,3.7,
239,Yes,No,05,SURG,AMPUTATION FOR CIRC SYS DISORDERS EXC UPPER LIMB & TOE W MCC,4.7610,10.6,13.4,
240,Yes,No,05,SURG,AMPUTATION FOR CIRC SYS DISORDERS EXC UPPER LIMB & TOE W CC,2.7608,7.2,8.8,
241,Yes,No,05,SURG,AMPUTATION FOR CIRC SYS DISORDERS EXC UPPER LIMB & TOE W/O CC/MCC,1.3256,4.4,5.3,
242,Yes,No,05,SURG,PERMANENT CARDIAC PACEMAKER IMPLANT W MCC,3.7478,5.8,7.5,
243,Yes,No,05,SURG,PERMANENT CARDIAC PACEMAKER IMPLANT W CC,2.6619,3.7,4.5,
244,Yes,No,05,SURG,PERMANENT CARDIAC PACEMAKER IMPLANT W/O CC/MCC,2.1689,2.4,2.9,
245,No,No,05,SURG,AICD GENERATOR PROCEDURES,4.6937,3.4,4.9,
246,No,No,05,SURG,PERC CARDIOVASC PROC W DRUG-ELUTING STENT W MCC OR 4+ VESSELS/STENTS,3.2452,4.0,5.4,
247,No,No,05,SURG,PERC CARDIOVASC PROC W DRUG-ELUTING STENT W/O MCC,2.0681,2.1,2.5,
248,No,No,05,SURG,PERC CARDIOVASC PROC W NON-DRUG-ELUTING STENT W MCC OR 4+ VES/STENTS,3.0454,4.8,6.4,
249,No,No,05,SURG,PERC CARDIOVASC PROC W NON-DRUG-ELUTING STENT W/O MCC,1.8853,2.4,3.0,
250,No,No,05,SURG,PERC CARDIOVASC PROC W/O CORONARY ARTERY STENT W MCC,2.9902,5.1,6.9,
251,No,No,05,SURG,PERC CARDIOVASC PROC W/O CORONARY ARTERY STENT W/O MCC,2.0435,2.3,3.0,
252,No,No,05,SURG,OTHER VASCULAR PROCEDURES W MCC,3.3556,5.4,7.9,
253,No,No,05,SURG,OTHER VASCULAR PROCEDURES W CC,2.5595,4.0,5.5,
254,No,No,05,SURG,OTHER VASCULAR PROCEDURES W/O CC/MCC,1.7354,2.2,2.8,
255,Yes,No,05,SURG,UPPER LIMB & TOE AMPUTATION FOR CIRC SYSTEM DISORDERS W MCC,2.5936,6.7,8.5,
256,Yes,No,05,SURG,UPPER LIMB & TOE AMPUTATION FOR CIRC SYSTEM DISORDERS W CC,1.6863,5.4,6.6,
257,Yes,No,05,SURG,UPPER LIMB & TOE AMPUTATION FOR CIRC SYSTEM DISORDERS W/O CC/MCC,1.0048,3.1,4.0,
258,No,No,05,SURG,CARDIAC PACEMAKER DEVICE REPLACEMENT W MCC,2.7649,4.9,6.3,
259,No,No,05,SURG,CARDIAC PACEMAKER DEVICE REPLACEMENT W/O MCC,2.0056,2.7,3.5,
260,No,No,05,SURG,CARDIAC PACEMAKER REVISION EXCEPT DEVICE REPLACEMENT W MCC,3.7483,7.9,10.6,
261,No,No,05,SURG,CARDIAC PACEMAKER REVISION EXCEPT DEVICE REPLACEMENT W CC,1.8601,3.5,4.6,
262,No,No,05,SURG,CARDIAC PACEMAKER REVISION EXCEPT DEVICE REPLACEMENT W/O CC/MCC,1.3915,2.4,2.9,
263,No,No,05,SURG,VEIN LIGATION & STRIPPING,1.8486,3.6,5.5,
264,Yes,No,05,SURG,OTHER CIRCULATORY SYSTEM O.R. PROCEDURES,2.8099,5.7,8.3,
265,No,No,05,SURG,AICD LEAD PROCEDURES,2.8960,2.8,4.3,
266,Yes,Yes,05,SURG,ENDOVASCULAR CARDIAC VALVE REPLACEMENT W MCC,8.7974,8.4,10.6,
267,Yes,Yes,05,SURG,ENDOVASCULAR CARDIAC VALVE REPLACEMENT W/O MCC,6.7144,5.0,5.8,
280,Yes,Yes,05,MED,"ACUTE MYOCARDIAL INFARCTION, DISCHARGED ALIVE W MCC",1.6971,4.7,6.0,
281,Yes,No,05,MED,"ACUTE MYOCARDIAL INFARCTION, DISCHARGED ALIVE W CC",1.0198,3.0,3.7,
282,Yes,No,05,MED,"ACUTE MYOCARDIAL INFARCTION, DISCHARGED ALIVE W/O CC/MCC",0.7561,2.0,2.4,
283,No,No,05,MED,"ACUTE MYOCARDIAL INFARCTION, EXPIRED W MCC",1.6748,3.0,4.7,
284,No,No,05,MED,"ACUTE MYOCARDIAL INFARCTION, EXPIRED W CC",0.7665,1.8,2.4,
285,No,No,05,MED,"ACUTE MYOCARDIAL INFARCTION, EXPIRED W/O CC/MCC",0.5087,1.3,1.6,
286,No,No,05,MED,"CIRCULATORY DISORDERS EXCEPT AMI, W CARD CATH W MCC",2.1162,5.0,6.7,
287,No,No,05,MED,"CIRCULATORY DISORDERS EXCEPT AMI, W CARD CATH W/O MCC",1.1262,2.5,3.2,
288,Yes,No,05,MED,ACUTE & SUBACUTE ENDOCARDITIS W MCC,2.6147,7.6,9.4,
289,Yes,No,05,MED,ACUTE & SUBACUTE ENDOCARDITIS W CC,1.6399,5.8,7.0,
290,Yes,No,05,MED,ACUTE & SUBACUTE ENDOCARDITIS W/O CC/MCC,1.2200,3.9,4.9,
291,Yes,No,05,MED,HEART FAILURE & SHOCK W MCC,1.5103,4.7,5.9,
292,Yes,No,05,MED,HEART FAILURE & SHOCK W CC,0.9659,3.7,4.5,
293,Yes,No,05,MED,HEART FAILURE & SHOCK W/O CC/MCC,0.6716,2.6,3.1,
294,No,No,05,MED,DEEP VEIN THROMBOPHLEBITIS W CC/MCC,1.0443,4.1,5.1,
295,No,No,05,MED,DEEP VEIN THROMBOPHLEBITIS W/O CC/MCC,0.6878,3.1,3.7,
296,No,No,05,MED,"CARDIAC ARREST, UNEXPLAINED W MCC",1.2369,1.8,2.7,
297,No,No,05,MED,"CARDIAC ARREST, UNEXPLAINED W CC",0.6487,1.3,1.6,
298,No,No,05,MED,"CARDIAC ARREST, UNEXPLAINED W/O CC/MCC",0.4275,1.1,1.2,
299,Yes,No,05,MED,PERIPHERAL VASCULAR DISORDERS W MCC,1.4073,4.4,5.7,
300,Yes,No,05,MED,PERIPHERAL VASCULAR DISORDERS W CC,0.9569,3.6,4.4,
301,Yes,No,05,MED,PERIPHERAL VASCULAR DISORDERS W/O CC/MCC,0.6686,2.6,3.2,
302,No,No,05,MED,ATHEROSCLEROSIS W MCC,1.0313,2.9,3.9,
303,No,No,05,MED,ATHEROSCLEROSIS W/O MCC,0.6099,1.9,2.3,
304,No,No,05,MED,HYPERTENSION W MCC,1.0019,3.3,4.2,
305,No,No,05,MED,HYPERTENSION W/O MCC,0.6262,2.1,2.6,
306,No,No,05,MED,CARDIAC CONGENITAL & VALVULAR DISORDERS W MCC,1.3703,3.9,5.2,
307,No,No,05,MED,CARDIAC CONGENITAL & VALVULAR DISORDERS W/O MCC,0.7685,2.5,3.1,
308,No,No,05,MED,CARDIAC ARRHYTHMIA & CONDUCTION DISORDERS W MCC,1.2106,3.8,4.9,
309,No,No,05,MED,CARDIAC ARRHYTHMIA & CONDUCTION DISORDERS W CC,0.7868,2.7,3.3,
310,No,No,05,MED,CARDIAC ARRHYTHMIA & CONDUCTION DISORDERS W/O CC/MCC,0.5493,1.9,2.3,
311,No,No,05,MED,ANGINA PECTORIS,0.5644,1.8,2.2,
312,No,No,05,MED,SYNCOPE & COLLAPSE,0.7425,2.4,3.0,
313,No,No,05,MED,CHEST PAIN,0.6142,1.8,2.1,
314,Yes,No,05,MED,OTHER CIRCULATORY SYSTEM DIAGNOSES W MCC,1.8709,4.9,6.7,
315,Yes,No,05,MED,OTHER CIRCULATORY SYSTEM DIAGNOSES W CC,0.9502,3.0,3.9,
316,Yes,No,05,MED,OTHER CIRCULATORY SYSTEM DIAGNOSES W/O CC/MCC,0.6203,2.0,2.4,
326,Yes,No,06,SURG,"STOMACH, ESOPHAGEAL & DUODENAL PROC W MCC",5.3829,11.2,14.4,
327,Yes,No,06,SURG,"STOMACH, ESOPHAGEAL & DUODENAL PROC W CC",2.6140,5.9,7.8,
328,Yes,No,06,SURG,"STOMACH, ESOPHAGEAL & DUODENAL PROC W/O CC/MCC",1.4791,2.5,3.3,
329,Yes,No,06,SURG,MAJOR SMALL & LARGE BOWEL PROCEDURES W MCC,5.0758,11.7,14.3,
330,Yes,No,06,SURG,MAJOR SMALL & LARGE BOWEL PROCEDURES W CC,2.5491,7.1,8.4,
331,Yes,No,06,SURG,MAJOR SMALL & LARGE BOWEL PROCEDURES W/O CC/MCC,1.6510,4.3,4.8,
332,Yes,No,06,SURG,RECTAL RESECTION W MCC,4.4308,10.4,12.8,
333,Yes,No,06,SURG,RECTAL RESECTION W CC,2.4771,6.3,7.3,
334,Yes,No,06,SURG,RECTAL RESECTION W/O CC/MCC,1.5927,3.6,4.2,
335,Yes,No,06,SURG,PERITONEAL ADHESIOLYSIS W MCC,4.2844,10.9,13.1,
336,Yes,No,06,SURG,PERITONEAL ADHESIOLYSIS W CC,2.3154,6.9,8.3,
337,Yes,No,06,SURG,PERITONEAL ADHESIOLYSIS W/O CC/MCC,1.5507,4.1,5.0,
338,No,No,06,SURG,APPENDECTOMY W COMPLICATED PRINCIPAL DIAG W MCC,3.0608,7.5,9.2,
339,No,No,06,SURG,APPENDECTOMY W COMPLICATED PRINCIPAL DIAG W CC,1.7351,5.0,5.9,
340,No,No,06,SURG,APPENDECTOMY W COMPLICATED PRINCIPAL DIAG W/O CC/MCC,1.2132,2.9,3.4,
341,No,No,06,SURG,APPENDECTOMY W/O COMPLICATED PRINCIPAL DIAG W MCC,2.2864,4.7,6.4,
342,No,No,06,SURG,APPENDECTOMY W/O COMPLICATED PRINCIPAL DIAG W CC,1.3132,2.7,3.5,
343,No,No,06,SURG,APPENDECTOMY W/O COMPLICATED PRINCIPAL DIAG W/O CC/MCC,0.9419,1.6,1.9,
344,No,No,06,SURG,MINOR SMALL & LARGE BOWEL PROCEDURES W MCC,3.3055,8.7,11.2,
345,No,No,06,SURG,MINOR SMALL & LARGE BOWEL PROCEDURES W CC,1.7063,5.4,6.4,
346,No,No,06,SURG,MINOR SMALL & LARGE BOWEL PROCEDURES W/O CC/MCC,1.1998,3.8,4.3,
347,No,No,06,SURG,ANAL & STOMAL PROCEDURES W MCC,2.6182,6.4,8.7,
348,No,No,06,SURG,ANAL & STOMAL PROCEDURES W CC,1.3716,4.0,5.1,
349,No,No,06,SURG,ANAL & STOMAL PROCEDURES W/O CC/MCC,0.8982,2.4,3.0,
350,No,No,06,SURG,INGUINAL & FEMORAL HERNIA PROCEDURES W MCC,2.4601,5.6,7.6,
351,No,No,06,SURG,INGUINAL & FEMORAL HERNIA PROCEDURES W CC,1.3976,3.5,4.4,
352,No,No,06,SURG,INGUINAL & FEMORAL HERNIA PROCEDURES W/O CC/MCC,0.9192,2.0,2.4,
353,No,No,06,SURG,HERNIA PROCEDURES EXCEPT INGUINAL & FEMORAL W MCC,2.8999,6.3,8.3,
354,No,No,06,SURG,HERNIA PROCEDURES EXCEPT INGUINAL & FEMORAL W CC,1.6854,4.1,5.0,
355,No,No,06,SURG,HERNIA PROCEDURES EXCEPT INGUINAL & FEMORAL W/O CC/MCC,1.2410,2.6,3.1,
356,Yes,No,06,SURG,OTHER DIGESTIVE SYSTEM O.R. PROCEDURES W MCC,3.8530,8.4,11.2,
357,Yes,No,06,SURG,OTHER DIGESTIVE SYSTEM O.R. PROCEDURES W CC,2.1072,5.2,6.7,
358,Yes,No,06,SURG,OTHER DIGESTIVE SYSTEM O.R. PROCEDURES W/O CC/MCC,1.3611,3.0,3.9,
368,No,No,06,MED,MAJOR ESOPHAGEAL DISORDERS W MCC,1.8623,4.9,6.4,
369,No,No,06,MED,MAJOR ESOPHAGEAL DISORDERS W CC,1.0706,3.4,4.1,
370,No,No,06,MED,MAJOR ESOPHAGEAL DISORDERS W/O CC/MCC,0.7424,2.4,2.9,
371,Yes,No,06,MED,MAJOR GASTROINTESTINAL DISORDERS & PERITONEAL INFECTIONS W MCC,1.8604,6.1,7.8,
372,Yes,No,06,MED,MAJOR GASTROINTESTINAL DISORDERS & PERITONEAL INFECTIONS W CC,1.1318,4.6,5.6,
373,Yes,No,06,MED,MAJOR GASTROINTESTINAL DISORDERS & PERITONEAL INFECTIONS W/O CC/MCC,0.7917,3.5,4.1,
374,Yes,No,06,MED,DIGESTIVE MALIGNANCY W MCC,1.9766,6.0,7.9,
375,Yes,No,06,MED,DIGESTIVE MALIGNANCY W CC,1.2253,4.1,5.3,
376,Yes,No,06,MED,DIGESTIVE MALIGNANCY W/O CC/MCC,0.8921,2.8,3.5,
377,Yes,No,06,MED,G.I. HEMORRHAGE W MCC,1.7780,4.8,6.1,
378,Yes,No,06,MED,G.I. HEMORRHAGE W CC,0.9965,3.3,3.9,
379,Yes,No,06,MED,G.I. HEMORRHAGE W/O CC/MCC,0.6757,2.3,2.7,
380,Yes,No,06,MED,COMPLICATED PEPTIC ULCER W MCC,1.8784,5.4,7.0,
381,Yes,No,06,MED,COMPLICATED PEPTIC ULCER W CC,1.0746,3.6,4.4,
382,Yes,No,06,MED,COMPLICATED PEPTIC ULCER W/O CC/MCC,0.7552,2.7,3.2,
383,No,No,06,MED,UNCOMPLICATED PEPTIC ULCER W MCC,1.3196,4.2,5.3,
384,No,No,06,MED,UNCOMPLICATED PEPTIC ULCER W/O MCC,0.8509,2.9,3.4,
385,No,No,06,MED,INFLAMMATORY BOWEL DISEASE W MCC,1.7622,5.9,7.8,
386,No,No,06,MED,INFLAMMATORY BOWEL DISEASE W CC,1.0015,3.9,4.9,
387,No,No,06,MED,INFLAMMATORY BOWEL DISEASE W/O CC/MCC,0.7420,3.0,3.6,
388,Yes,No,06,MED,G.I. OBSTRUCTION W MCC,1.6057,5.3,6.9,
389,Yes,No,06,MED,G.I. OBSTRUCTION W CC,0.8637,3.6,4.4,
390,Yes,No,06,MED,G.I. OBSTRUCTION W/O CC/MCC,0.6014,2.7,3.1,
391,No,No,06,MED,"ESOPHAGITIS, GASTROENT & MISC DIGEST DISORDERS W MCC",1.1961,3.8,5.1,
392,No,No,06,MED,"ESOPHAGITIS, GASTROENT & MISC DIGEST DISORDERS W/O MCC",0.7377,2.8,3.5,
393,No,No,06,MED,OTHER DIGESTIVE SYSTEM DIAGNOSES W MCC,1.7244,4.7,6.6,
394,No,No,06,MED,OTHER DIGESTIVE SYSTEM DIAGNOSES W CC,0.9437,3.4,4.3,
395,No,No,06,MED,OTHER DIGESTIVE SYSTEM DIAGNOSES W/O CC/MCC,0.6558,2.4,2.9,
405,Yes,No,07,SURG,"PANCREAS, LIVER & SHUNT PROCEDURES W MCC",5.5243,10.8,14.3,
406,Yes,No,07,SURG,"PANCREAS, LIVER & SHUNT PROCEDURES W CC",2.7787,6.0,7.5,
407,Yes,No,07,SURG,"PANCREAS, LIVER & SHUNT PROCEDURES W/O CC/MCC",1.9444,4.0,4.8,
408,No,No,07,SURG,BILIARY TRACT PROC EXCEPT ONLY CHOLECYST W OR W/O C.D.E. W MCC,3.8964,10.0,12.2,
409,No,No,07,SURG,BILIARY TRACT PROC EXCEPT ONLY CHOLECYST W OR W/O C.D.E. W CC,2.2276,6.3,7.5,
410,No,No,07,SURG,BILIARY TRACT PROC EXCEPT ONLY CHOLECYST W OR W/O C.D.E. W/O CC/MCC,1.6167,4.4,5.2,
411,No,No,07,SURG,CHOLECYSTECTOMY W C.D.E. W MCC,3.5963,9.4,11.6,
412,No,No,07,SURG,CHOLECYSTECTOMY W C.D.E. W CC,2.4182,6.3,7.4,
413,No,No,07,SURG,CHOLECYSTECTOMY W C.D.E. W/O CC/MCC,1.7761,4.3,5.1,
414,Yes,No,07,SURG,CHOLECYSTECTOMY EXCEPT BY LAPAROSCOPE W/O C.D.E. W MCC,3.5551,8.7,10.6,
415,Yes,No,07,SURG,CHOLECYSTECTOMY EXCEPT BY LAPAROSCOPE W/O C.D.E. W CC,2.0011,5.6,6.5,
416,Yes,No,07,SURG,CHOLECYSTECTOMY EXCEPT BY LAPAROSCOPE W/O C.D.E. W/O CC/MCC,1.3448,3.6,4.2,
417,No,No,07,SURG,LAPAROSCOPIC CHOLECYSTECTOMY W/O C.D.E. W MCC,2.4320,5.9,7.4,
418,No,No,07,SURG,LAPAROSCOPIC CHOLECYSTECTOMY W/O C.D.E. W CC,1.6575,4.0,4.8,
419,No,No,07,SURG,LAPAROSCOPIC CHOLECYSTECTOMY W/O C.D.E. W/O CC/MCC,1.2302,2.5,3.0,
420,No,No,07,SURG,HEPATOBILIARY DIAGNOSTIC PROCEDURES W MCC,3.4641,8.0,11.3,
421,No,No,07,SURG,HEPATOBILIARY DIAGNOSTIC PROCEDURES W CC,1.7541,4.1,5.6,
422,No,No,07,SURG,HEPATOBILIARY DIAGNOSTIC PROCEDURES W/O CC/MCC,1.2270,2.7,3.3,
423,No,No,07,SURG,OTHER HEPATOBILIARY OR PANCREAS O.R. PROCEDURES W MCC,4.1903,9.8,13.1,
424,No,No,07,SURG,OTHER HEPATOBILIARY OR PANCREAS O.R. PROCEDURES W CC,2.2974,6.2,7.9,
425,No,No,07,SURG,OTHER HEPATOBILIARY OR PANCREAS O.R. PROCEDURES W/O CC/MCC,1.3650,3.7,4.4,
432,No,No,07,MED,CIRRHOSIS & ALCOHOLIC HEPATITIS W MCC,1.6648,4.7,6.2,
433,No,No,07,MED,CIRRHOSIS & ALCOHOLIC HEPATITIS W CC,0.9152,3.3,4.1,
434,No,No,07,MED,CIRRHOSIS & ALCOHOLIC HEPATITIS W/O CC/MCC,0.6136,2.3,2.9,
435,No,No,07,MED,MALIGNANCY OF HEPATOBILIARY SYSTEM OR PANCREAS W MCC,1.7517,5.2,6.8,
436,No,No,07,MED,MALIGNANCY OF HEPATOBILIARY SYSTEM OR PANCREAS W CC,1.1579,3.9,4.9,
437,No,No,07,MED,MALIGNANCY OF HEPATOBILIARY SYSTEM OR PANCREAS W/O CC/MCC,0.9011,2.7,3.5,
438,No,No,07,MED,DISORDERS OF PANCREAS EXCEPT MALIGNANCY W MCC,1.6976,5.0,6.8,
439,No,No,07,MED,DISORDERS OF PANCREAS EXCEPT MALIGNANCY W CC,0.9053,3.6,4.4,
440,No,No,07,MED,DISORDERS OF PANCREAS EXCEPT MALIGNANCY W/O CC/MCC,0.6419,2.7,3.2,
441,Yes,No,07,MED,"DISORDERS OF LIVER EXCEPT MALIG,CIRR,ALC HEPA W MCC",1.8431,5.0,6.8,
442,Yes,No,07,MED,"DISORDERS OF LIVER EXCEPT MALIG,CIRR,ALC HEPA W CC",0.9140,3.3,4.2,
443,Yes,No,07,MED,"DISORDERS OF LIVER EXCEPT MALIG,CIRR,ALC HEPA W/O CC/MCC",0.6472,2.5,3.1,
444,No,No,07,MED,DISORDERS OF THE BILIARY TRACT W MCC,1.6168,4.7,6.1,
445,No,No,07,MED,DISORDERS OF THE BILIARY TRACT W CC,1.0651,3.4,4.2,
446,No,No,07,MED,DISORDERS OF THE BILIARY TRACT W/O CC/MCC,0.7548,2.4,2.9,
453,No,No,08,SURG,COMBINED ANTERIOR/POSTERIOR SPINAL FUSION W MCC,11.2702,9.4,11.6,
454,No,No,08,SURG,COMBINED ANTERIOR/POSTERIOR SPINAL FUSION W CC,8.3886,4.9,5.8,
455,No,No,08,SURG,COMBINED ANTERIOR/POSTERIOR SPINAL FUSION W/O CC/MCC,6.3203,3.1,3.5,
456,No,No,08,SURG,SPINAL FUS EXC CERV W SPINAL CURV/MALIG/INFEC OR 9+ FUS W MCC,9.5050,9.9,12.0,
457,No,No,08,SURG,SPINAL FUS EXC CERV W SPINAL CURV/MALIG/INFEC OR 9+ FUS W CC,7.2977,5.5,6.5,
458,No,No,08,SURG,SPINAL FUS EXC CERV W SPINAL CURV/MALIG/INFEC OR 9+ FUS W/O CC/MCC,5.3118,3.4,3.8,
459,Yes,No,08,SURG,SPINAL FUSION EXCEPT CERVICAL W MCC,6.7279,6.8,8.5,
460,Yes,No,08,SURG,SPINAL FUSION EXCEPT CERVICAL W/O MCC,4.0215,3.0,3.5,
461,No,No,08,SURG,BILATERAL OR MULTIPLE MAJOR JOINT PROCS OF LOWER EXTREMITY W MCC,5.0525,6.3,7.6,
462,No,No,08,SURG,BILATERAL OR MULTIPLE MAJOR JOINT PROCS OF LOWER EXTREMITY W/O MCC,3.5838,3.4,3.7,
463,Yes,No,08,SURG,"WND DEBRID & SKN GRFT EXC HAND, FOR MUSCULO-CONN TISS DIS W MCC",5.2815,10.6,14.1,
464,Yes,No,08,SURG,"WND DEBRID & SKN GRFT EXC HAND, FOR MUSCULO-CONN TISS DIS W CC",3.0083,6.2,7.8,
465,Yes,No,08,SURG,"WND DEBRID & SKN GRFT EXC HAND, FOR MUSCULO-CONN TISS DIS W/O CC/MCC",1.9470,3.8,4.8,
466,Yes,No,08,SURG,REVISION OF HIP OR KNEE REPLACEMENT W MCC,5.1904,6.7,8.2,
467,Yes,No,08,SURG,REVISION OF HIP OR KNEE REPLACEMENT W CC,3.3992,3.8,4.3,
468,Yes,No,08,SURG,REVISION OF HIP OR KNEE REPLACEMENT W/O CC/MCC,2.7794,2.9,3.1,
469,Yes,No,08,SURG,MAJOR JOINT REPLACEMENT OR REATTACHMENT OF LOWER EXTREMITY W MCC,3.4079,6.1,7.2,
470,Yes,No,08,SURG,MAJOR JOINT REPLACEMENT OR REATTACHMENT OF LOWER EXTREMITY W/O MCC,2.1223,3.0,3.2,
471,No,No,08,SURG,CERVICAL SPINAL FUSION W MCC,5.1460,6.3,8.7,
472,No,No,08,SURG,CERVICAL SPINAL FUSION W CC,2.9421,2.4,3.4,
473,No,No,08,SURG,CERVICAL SPINAL FUSION W/O CC/MCC,2.2912,1.5,1.8,
474,Yes,No,08,SURG,AMPUTATION FOR MUSCULOSKELETAL SYS & CONN TISSUE DIS W MCC,3.5867,8.5,10.9,
475,Yes,No,08,SURG,AMPUTATION FOR MUSCULOSKELETAL SYS & CONN TISSUE DIS W CC,2.0477,5.8,7.2,
476,Yes,No,08,SURG,AMPUTATION FOR MUSCULOSKELETAL SYS & CONN TISSUE DIS W/O CC/MCC,1.0910,3.1,3.9,
477,Yes,Yes,08,SURG,BIOPSIES OF MUSCULOSKELETAL SYSTEM & CONNECTIVE TISSUE W MCC,3.2861,8.5,10.4,
478,Yes,Yes,08,SURG,BIOPSIES OF MUSCULOSKELETAL SYSTEM & CONNECTIVE TISSUE W CC,2.2993,5.5,6.7,
479,Yes,Yes,08,SURG,BIOPSIES OF MUSCULOSKELETAL SYSTEM & CONNECTIVE TISSUE W/O CC/MCC,1.7052,3.3,4.1,
480,Yes,Yes,08,SURG,HIP & FEMUR PROCEDURES EXCEPT MAJOR JOINT W MCC,3.1314,6.9,8.0,
481,Yes,Yes,08,SURG,HIP & FEMUR PROCEDURES EXCEPT MAJOR JOINT W CC,2.0187,4.7,5.1,
482,Yes,Yes,08,SURG,HIP & FEMUR PROCEDURES EXCEPT MAJOR JOINT W/O CC/MCC,1.6198,3.8,4.1,
483,No,No,08,SURG,MAJOR JOINT/LIMB REATTACHMENT PROCEDURE OF UPPER EXTREMITIES,2.4469,2.0,2.4,
485,No,No,08,SURG,KNEE PROCEDURES W PDX OF INFECTION W MCC,3.0956,8.0,9.6,
486,No,No,08,SURG,KNEE PROCEDURES W PDX OF INFECTION W CC,2.1756,5.5,6.3,
487,No,No,08,SURG,KNEE PROCEDURES W PDX OF INFECTION W/O CC/MCC,1.5611,4.0,4.6,
488,Yes,No,08,SURG,KNEE PROCEDURES W/O PDX OF INFECTION W CC/MCC,1.7263,3.5,4.2,
489,Yes,No,08,SURG,KNEE PROCEDURES W/O PDX OF INFECTION W/O CC/MCC,1.3069,2.4,2.7,
492,Yes,Yes,08,SURG,"LOWER EXTREM & HUMER PROC EXCEPT HIP,FOOT,FEMUR W MCC",3.3234,6.5,8.0,
493,Yes,Yes,08,SURG,"LOWER EXTREM & HUMER PROC EXCEPT HIP,FOOT,FEMUR W CC",2.0187,4.0,4.7,
494,Yes,Yes,08,SURG,"LOWER EXTREM & HUMER PROC EXCEPT HIP,FOOT,FEMUR W/O CC/MCC",1.5365,2.7,3.1,
495,Yes,Yes,08,SURG,LOCAL EXCISION & REMOVAL INT FIX DEVICES EXC HIP & FEMUR W MCC,2.9241,7.3,9.5,
496,Yes,Yes,08,SURG,LOCAL EXCISION & REMOVAL INT FIX DEVICES EXC HIP & FEMUR W CC,1.7032,4.0,5.1,
497,Yes,Yes,08,SURG,LOCAL EXCISION & REMOVAL INT FIX DEVICES EXC HIP & FEMUR W/O CC/MCC,1.2157,2.1,2.7,
498,No,No,08,SURG,LOCAL EXCISION & REMOVAL INT FIX DEVICES OF HIP & FEMUR W CC/MCC,2.1310,5.4,7.1,
499,No,No,08,SURG,LOCAL EXCISION & REMOVAL INT FIX DEVICES OF HIP & FEMUR W/O CC/MCC,1.0573,2.2,2.7,
500,Yes,Yes,08,SURG,SOFT TISSUE PROCEDURES W MCC,3.1038,7.7,10.2,
501,Yes,Yes,08,SURG,SOFT TISSUE PROCEDURES W CC,1.6684,4.4,5.5,
502,Yes,Yes,08,SURG,SOFT TISSUE PROCEDURES W/O CC/MCC,1.1506,2.5,3.0,
503,No,No,08,SURG,FOOT PROCEDURES W MCC,2.3286,6.9,8.5,
504,No,No,08,SURG,FOOT PROCEDURES W CC,1.6244,5.0,5.9,
505,No,No,08,SURG,FOOT PROCEDURES W/O CC/MCC,1.2546,2.8,3.4,
506,No,No,08,SURG,MAJOR THUMB OR JOINT PROCEDURES,1.2706,3.3,4.2,
507,No,No,08,SURG,MAJOR SHOULDER OR ELBOW JOINT PROCEDURES W CC/MCC,1.9048,4.2,5.2,
508,No,No,08,SURG,MAJOR SHOULDER OR ELBOW JOINT PROCEDURES W/O CC/MCC,1.5239,2.1,2.6,
509,No,No,08,SURG,ARTHROSCOPY,1.5298,3.5,4.5,
510,Yes,No,08,SURG,"SHOULDER,ELBOW OR FOREARM PROC,EXC MAJOR JOINT PROC W MCC",2.1929,4.7,5.8,
511,Yes,No,08,SURG,"SHOULDER,ELBOW OR FOREARM PROC,EXC MAJOR JOINT PROC W CC",1.6551,3.3,3.8,
512,Yes,No,08,SURG,"SHOULDER,ELBOW OR FOREARM PROC,EXC MAJOR JOINT PROC W/O CC/MCC",1.2975,2.0,2.4,
513,No,No,08,SURG,"HAND OR WRIST PROC, EXCEPT MAJOR THUMB OR JOINT PROC W CC/MCC",1.4288,3.6,4.8,
514,No,No,08,SURG,"HAND OR WRIST PROC, EXCEPT MAJOR THUMB OR JOINT PROC W/O CC/MCC",0.9074,2.2,2.7,
515,Yes,Yes,08,SURG,OTHER MUSCULOSKELET SYS & CONN TISS O.R. PROC W MCC,3.3531,7.2,9.2,
516,Yes,Yes,08,SURG,OTHER MUSCULOSKELET SYS & CONN TISS O.R. PROC W CC,2.0891,4.4,5.4,
517,Yes,Yes,08,SURG,OTHER MUSCULOSKELET SYS & CONN TISS O.R. PROC W/O CC/MCC,1.7192,2.6,3.3,
518,Yes,Yes,08,SURG,BACK & NECK PROC EXC SPINAL FUSION W MCC OR DISC DEVICE/NEUROSTIM,3.0376,4.4,6.6,
519,Yes,Yes,08,SURG,BACK & NECK PROC EXC SPINAL FUSION W CC ,1.6414,3.1,4.0,
520,Yes,Yes,08,SURG,BACK & NECK PROC EXC SPINAL FUSION W/O CC/MCC,1.1366,1.8,2.2,
533,Yes,No,08,MED,FRACTURES OF FEMUR W MCC,1.3917,4.4,5.7,
534,Yes,No,08,MED,FRACTURES OF FEMUR W/O MCC,0.7464,2.9,3.5,
535,Yes,No,08,MED,FRACTURES OF HIP & PELVIS W MCC,1.2401,4.1,5.2,
536,Yes,No,08,MED,FRACTURES OF HIP & PELVIS W/O MCC,0.7079,3.0,3.5,
537,No,No,08,MED,"SPRAINS, STRAINS, & DISLOCATIONS OF HIP, PELVIS & THIGH W CC/MCC",0.8909,3.3,4.1,
538,No,No,08,MED,"SPRAINS, STRAINS, & DISLOCATIONS OF HIP, PELVIS & THIGH W/O CC/MCC",0.6900,2.6,3.1,
539,Yes,No,08,MED,OSTEOMYELITIS W MCC,1.8190,6.1,8.0,
540,Yes,No,08,MED,OSTEOMYELITIS W CC,1.2928,4.7,5.9,
541,Yes,No,08,MED,OSTEOMYELITIS W/O CC/MCC,0.8961,3.5,4.5,
542,Yes,No,08,MED,PATHOLOGICAL FRACTURES & MUSCULOSKELET & CONN TISS MALIG W MCC,1.9339,6.0,7.8,
543,Yes,No,08,MED,PATHOLOGICAL FRACTURES & MUSCULOSKELET & CONN TISS MALIG W CC,1.1185,4.1,5.1,
544,Yes,No,08,MED,PATHOLOGICAL FRACTURES & MUSCULOSKELET & CONN TISS MALIG W/O CC/MCC,0.7898,3.1,3.7,
545,Yes,No,08,MED,CONNECTIVE TISSUE DISORDERS W MCC,2.5309,6.1,8.4,
546,Yes,No,08,MED,CONNECTIVE TISSUE DISORDERS W CC,1.1556,3.9,5.0,
547,Yes,No,08,MED,CONNECTIVE TISSUE DISORDERS W/O CC/MCC,0.7922,2.8,3.5,
548,No,No,08,MED,SEPTIC ARTHRITIS W MCC,1.9041,6.1,7.8,
549,No,No,08,MED,SEPTIC ARTHRITIS W CC,1.1491,4.4,5.5,
550,No,No,08,MED,SEPTIC ARTHRITIS W/O CC/MCC,0.8364,3.2,3.9,
551,Yes,No,08,MED,MEDICAL BACK PROBLEMS W MCC,1.5508,4.8,6.2,
552,Yes,No,08,MED,MEDICAL BACK PROBLEMS W/O MCC,0.8667,3.2,3.8,
553,No,No,08,MED,BONE DISEASES & ARTHROPATHIES W MCC,1.2124,4.2,5.4,
554,No,No,08,MED,BONE DISEASES & ARTHROPATHIES W/O MCC,0.7218,2.9,3.5,
555,No,No,08,MED,SIGNS & SYMPTOMS OF MUSCULOSKELETAL SYSTEM & CONN TISSUE W MCC,1.2903,3.9,5.1,
556,No,No,08,MED,SIGNS & SYMPTOMS OF MUSCULOSKELETAL SYSTEM & CONN TISSUE W/O MCC,0.7170,2.6,3.2,
557,Yes,No,08,MED,"TENDONITIS, MYOSITIS & BURSITIS W MCC",1.4137,5.0,6.1,
558,Yes,No,08,MED,"TENDONITIS, MYOSITIS & BURSITIS W/O MCC",0.8504,3.4,4.0,
559,Yes,No,08,MED,"AFTERCARE, MUSCULOSKELETAL SYSTEM & CONNECTIVE TISSUE W MCC",1.7789,5.0,6.8,
560,Yes,No,08,MED,"AFTERCARE, MUSCULOSKELETAL SYSTEM & CONNECTIVE TISSUE W CC",1.0760,3.5,4.4,
561,Yes,No,08,MED,"AFTERCARE, MUSCULOSKELETAL SYSTEM & CONNECTIVE TISSUE W/O CC/MCC",0.6647,2.0,2.5,
562,Yes,No,08,MED,"FX, SPRN, STRN & DISL EXCEPT FEMUR, HIP, PELVIS & THIGH W MCC",1.3699,4.3,5.5,
563,Yes,No,08,MED,"FX, SPRN, STRN & DISL EXCEPT FEMUR, HIP, PELVIS & THIGH W/O MCC",0.7633,3.0,3.5,
564,No,No,08,MED,OTHER MUSCULOSKELETAL SYS & CONNECTIVE TISSUE DIAGNOSES W MCC,1.4982,4.8,6.2,
565,No,No,08,MED,OTHER MUSCULOSKELETAL SYS & CONNECTIVE TISSUE DIAGNOSES W CC,0.9547,3.5,4.3,
566,No,No,08,MED,OTHER MUSCULOSKELETAL SYS & CONNECTIVE TISSUE DIAGNOSES W/O CC/MCC,0.6847,2.5,3.1,
570,Yes,No,09,SURG,SKIN DEBRIDEMENT W MCC,2.3842,7.2,9.2,
571,Yes,No,09,SURG,SKIN DEBRIDEMENT W CC,1.4560,5.2,6.2,
572,Yes,No,09,SURG,SKIN DEBRIDEMENT W/O CC/MCC,0.9574,3.7,4.4,
573,Yes,No,09,SURG,SKIN GRAFT FOR SKIN ULCER OR CELLULITIS W MCC,3.6730,8.6,12.7,
574,Yes,No,09,SURG,SKIN GRAFT FOR SKIN ULCER OR CELLULITIS W CC,2.4235,7.1,9.2,
575,Yes,No,09,SURG,SKIN GRAFT FOR SKIN ULCER OR CELLULITIS W/O CC/MCC,1.4400,4.4,5.6,
576,No,No,09,SURG,SKIN GRAFT EXC FOR SKIN ULCER OR CELLULITIS W MCC,4.0732,7.7,11.4,
577,No,No,09,SURG,SKIN GRAFT EXC FOR SKIN ULCER OR CELLULITIS W CC,1.9696,3.9,5.5,
578,No,No,09,SURG,SKIN GRAFT EXC FOR SKIN ULCER OR CELLULITIS W/O CC/MCC,1.2938,2.5,3.4,
579,Yes,No,09,SURG,"OTHER SKIN, SUBCUT TISS & BREAST PROC W MCC",2.7257,7.0,9.1,
580,Yes,No,09,SURG,"OTHER SKIN, SUBCUT TISS & BREAST PROC W CC",1.5626,4.0,5.3,
581,Yes,No,09,SURG,"OTHER SKIN, SUBCUT TISS & BREAST PROC W/O CC/MCC",1.1237,2.1,2.8,
582,No,No,09,SURG,MASTECTOMY FOR MALIGNANCY W CC/MCC,1.2715,2.1,2.8,
583,No,No,09,SURG,MASTECTOMY FOR MALIGNANCY W/O CC/MCC,1.0766,1.6,1.8,
584,No,No,09,SURG,"BREAST BIOPSY, LOCAL EXCISION & OTHER BREAST PROCEDURES W CC/MCC",1.7545,3.8,5.1,
585,No,No,09,SURG,"BREAST BIOPSY, LOCAL EXCISION & OTHER BREAST PROCEDURES W/O CC/MCC",1.3632,2.0,2.4,
592,Yes,No,09,MED,SKIN ULCERS W MCC,1.4158,5.1,6.6,
593,Yes,No,09,MED,SKIN ULCERS W CC,1.0171,4.3,5.2,
594,Yes,No,09,MED,SKIN ULCERS W/O CC/MCC,0.6910,3.0,3.9,
595,No,No,09,MED,MAJOR SKIN DISORDERS W MCC,1.9719,5.5,7.6,
596,No,No,09,MED,MAJOR SKIN DISORDERS W/O MCC,0.9479,3.6,4.6,
597,No,No,09,MED,MALIGNANT BREAST DISORDERS W MCC,1.6731,5.3,7.1,
598,No,No,09,MED,MALIGNANT BREAST DISORDERS W CC,1.1163,3.8,5.1,
599,No,No,09,MED,MALIGNANT BREAST DISORDERS W/O CC/MCC,0.7211,2.4,3.0,
600,No,No,09,MED,NON-MALIGNANT BREAST DISORDERS W CC/MCC,0.9760,3.8,4.7,
601,No,No,09,MED,NON-MALIGNANT BREAST DISORDERS W/O CC/MCC,0.6341,2.7,3.3,
602,Yes,No,09,MED,CELLULITIS W MCC,1.4545,5.0,6.3,
603,Yes,No,09,MED,CELLULITIS W/O MCC,0.8314,3.5,4.2,
604,No,No,09,MED,"TRAUMA TO THE SKIN, SUBCUT TISS & BREAST W MCC",1.2933,3.9,5.1,
605,No,No,09,MED,"TRAUMA TO THE SKIN, SUBCUT TISS & BREAST W/O MCC",0.7644,2.6,3.2,
606,No,No,09,MED,MINOR SKIN DISORDERS W MCC,1.3682,4.2,5.8,
607,No,No,09,MED,MINOR SKIN DISORDERS W/O MCC,0.7264,2.7,3.6,
614,No,No,10,SURG,ADRENAL & PITUITARY PROCEDURES W CC/MCC,2.4699,4.1,5.5,
615,No,No,10,SURG,ADRENAL & PITUITARY PROCEDURES W/O CC/MCC,1.4240,2.2,2.6,
616,Yes,No,10,SURG,"AMPUTAT OF LOWER LIMB FOR ENDOCRINE,NUTRIT,& METABOL DIS W MCC",4.1552,10.7,13.1,
617,Yes,No,10,SURG,"AMPUTAT OF LOWER LIMB FOR ENDOCRINE,NUTRIT,& METABOL DIS W CC",1.9898,6.0,7.2,
618,Yes,No,10,SURG,"AMPUTAT OF LOWER LIMB FOR ENDOCRINE,NUTRIT,& METABOL DIS W/O CC/MCC",1.2941,4.1,4.9,
619,No,No,10,SURG,O.R. PROCEDURES FOR OBESITY W MCC,3.2658,4.2,6.4,
620,No,No,10,SURG,O.R. PROCEDURES FOR OBESITY W CC,1.8474,2.6,3.1,
621,No,No,10,SURG,O.R. PROCEDURES FOR OBESITY W/O CC/MCC,1.5432,1.8,2.0,
622,Yes,No,10,SURG,"SKIN GRAFTS & WOUND DEBRID FOR ENDOC, NUTRIT & METAB DIS W MCC",3.3965,9.1,12.4,
623,Yes,No,10,SURG,"SKIN GRAFTS & WOUND DEBRID FOR ENDOC, NUTRIT & METAB DIS W CC",1.8207,5.6,6.9,
624,Yes,No,10,SURG,"SKIN GRAFTS & WOUND DEBRID FOR ENDOC, NUTRIT & METAB DIS W/O CC/MCC",1.1036,3.6,4.4,
625,No,No,10,SURG,"THYROID, PARATHYROID & THYROGLOSSAL PROCEDURES W MCC",2.4816,4.6,7.0,
626,No,No,10,SURG,"THYROID, PARATHYROID & THYROGLOSSAL PROCEDURES W CC",1.3096,2.1,3.1,
627,No,No,10,SURG,"THYROID, PARATHYROID & THYROGLOSSAL PROCEDURES W/O CC/MCC",0.8691,1.3,1.5,
628,Yes,No,10,SURG,"OTHER ENDOCRINE, NUTRIT & METAB O.R. PROC W MCC",3.2824,6.7,9.3,
629,Yes,No,10,SURG,"OTHER ENDOCRINE, NUTRIT & METAB O.R. PROC W CC",2.2427,6.2,7.4,
630,Yes,No,10,SURG,"OTHER ENDOCRINE, NUTRIT & METAB O.R. PROC W/O CC/MCC",1.4259,3.2,4.2,
637,Yes,No,10,MED,DIABETES W MCC,1.3950,4.2,5.5,
638,Yes,No,10,MED,DIABETES W CC,0.8175,3.0,3.7,
639,Yes,No,10,MED,DIABETES W/O CC/MCC,0.6046,2.2,2.7,
640,Yes,No,10,MED,"MISC DISORDERS OF NUTRITION,METABOLISM,FLUIDS/ELECTROLYTES W MCC",1.0871,3.3,4.5,
641,Yes,No,10,MED,"MISC DISORDERS OF NUTRITION,METABOLISM,FLUIDS/ELECTROLYTES W/O MCC",0.6987,2.7,3.4,
642,No,No,10,MED,INBORN AND OTHER DISORDERS OF METABOLISM,1.1413,3.3,4.6,
643,Yes,No,10,MED,ENDOCRINE DISORDERS W MCC,1.6426,5.4,6.8,
644,Yes,No,10,MED,ENDOCRINE DISORDERS W CC,1.0025,3.8,4.7,
645,Yes,No,10,MED,ENDOCRINE DISORDERS W/O CC/MCC,0.7122,2.8,3.4,
652,No,No,11,SURG,KIDNEY TRANSPLANT,3.1508,5.7,6.6,
653,Yes,No,11,SURG,MAJOR BLADDER PROCEDURES W MCC,5.2391,12.2,15.0,
654,Yes,No,11,SURG,MAJOR BLADDER PROCEDURES W CC,3.0986,7.7,8.7,
655,Yes,No,11,SURG,MAJOR BLADDER PROCEDURES W/O CC/MCC,2.2289,4.9,5.5,
656,No,No,11,SURG,KIDNEY & URETER PROCEDURES FOR NEOPLASM W MCC,3.4416,6.9,9.0,
657,No,No,11,SURG,KIDNEY & URETER PROCEDURES FOR NEOPLASM W CC,2.0153,4.4,5.2,
658,No,No,11,SURG,KIDNEY & URETER PROCEDURES FOR NEOPLASM W/O CC/MCC,1.5326,2.7,3.0,
659,Yes,No,11,SURG,KIDNEY & URETER PROCEDURES FOR NON-NEOPLASM W MCC,3.3806,7.5,10.0,
660,Yes,No,11,SURG,KIDNEY & URETER PROCEDURES FOR NON-NEOPLASM W CC,1.8868,4.2,5.5,
661,Yes,No,11,SURG,KIDNEY & URETER PROCEDURES FOR NON-NEOPLASM W/O CC/MCC,1.3482,2.3,2.7,
662,No,No,11,SURG,MINOR BLADDER PROCEDURES W MCC,2.9934,7.7,10.3,
663,No,No,11,SURG,MINOR BLADDER PROCEDURES W CC,1.5185,3.9,5.1,
664,No,No,11,SURG,MINOR BLADDER PROCEDURES W/O CC/MCC,1.2452,1.9,2.4,
665,No,No,11,SURG,PROSTATECTOMY W MCC,3.1460,9.1,11.7,
666,No,No,11,SURG,PROSTATECTOMY W CC,1.7491,4.7,6.3,
667,No,No,11,SURG,PROSTATECTOMY W/O CC/MCC,0.9509,2.1,2.7,
668,No,No,11,SURG,TRANSURETHRAL PROCEDURES W MCC,2.5692,6.5,8.6,
669,No,No,11,SURG,TRANSURETHRAL PROCEDURES W CC,1.2656,3.0,4.0,
670,No,No,11,SURG,TRANSURETHRAL PROCEDURES W/O CC/MCC,0.8905,2.0,2.5,
671,No,No,11,SURG,URETHRAL PROCEDURES W CC/MCC,1.6319,4.1,5.7,
672,No,No,11,SURG,URETHRAL PROCEDURES W/O CC/MCC,0.8516,1.8,2.2,
673,No,No,11,SURG,OTHER KIDNEY & URINARY TRACT PROCEDURES W MCC,3.5839,7.3,10.5,
674,No,No,11,SURG,OTHER KIDNEY & URINARY TRACT PROCEDURES W CC,2.2855,5.2,7.0,
675,No,No,11,SURG,OTHER KIDNEY & URINARY TRACT PROCEDURES W/O CC/MCC,1.4458,2.1,2.9,
682,Yes,No,11,MED,RENAL FAILURE W MCC,1.5186,4.6,6.1,
683,Yes,No,11,MED,RENAL FAILURE W CC,0.9356,3.6,4.4,
684,Yes,No,11,MED,RENAL FAILURE W/O CC/MCC,0.6037,2.4,2.9,
685,No,No,11,MED,ADMIT FOR RENAL DIALYSIS,0.9944,2.7,3.6,
686,No,No,11,MED,KIDNEY & URINARY TRACT NEOPLASMS W MCC,1.7516,5.2,7.1,
687,No,No,11,MED,KIDNEY & URINARY TRACT NEOPLASMS W CC,1.0000,3.6,4.6,
688,No,No,11,MED,KIDNEY & URINARY TRACT NEOPLASMS W/O CC/MCC,0.6807,2.1,2.6,
689,Yes,No,11,MED,KIDNEY & URINARY TRACT INFECTIONS W MCC,1.1157,4.2,5.2,
690,Yes,No,11,MED,KIDNEY & URINARY TRACT INFECTIONS W/O MCC,0.7781,3.2,3.8,
691,No,No,11,MED,URINARY STONES W ESW LITHOTRIPSY W CC/MCC,1.6140,2.9,3.8,
692,No,No,11,MED,URINARY STONES W ESW LITHOTRIPSY W/O CC/MCC,1.1157,1.8,2.2,
693,No,No,11,MED,URINARY STONES W/O ESW LITHOTRIPSY W MCC,1.3437,3.9,5.1,
694,No,No,11,MED,URINARY STONES W/O ESW LITHOTRIPSY W/O MCC,0.6856,1.9,2.4,
695,No,No,11,MED,KIDNEY & URINARY TRACT SIGNS & SYMPTOMS W MCC,1.2449,4.1,5.3,
696,No,No,11,MED,KIDNEY & URINARY TRACT SIGNS & SYMPTOMS W/O MCC,0.6603,2.5,3.1,
697,No,No,11,MED,URETHRAL STRICTURE,0.9217,2.6,3.4,
698,Yes,No,11,MED,OTHER KIDNEY & URINARY TRACT DIAGNOSES W MCC,1.5595,5.1,6.4,
699,Yes,No,11,MED,OTHER KIDNEY & URINARY TRACT DIAGNOSES W CC,0.9954,3.5,4.4,
700,Yes,No,11,MED,OTHER KIDNEY & URINARY TRACT DIAGNOSES W/O CC/MCC,0.7016,2.6,3.2,
707,No,No,12,SURG,MAJOR MALE PELVIC PROCEDURES W CC/MCC,1.8200,2.9,3.9,
708,No,No,12,SURG,MAJOR MALE PELVIC PROCEDURES W/O CC/MCC,1.3317,1.4,1.6,
709,No,No,12,SURG,PENIS PROCEDURES W CC/MCC,2.1253,4.2,6.9,
710,No,No,12,SURG,PENIS PROCEDURES W/O CC/MCC,1.3771,1.6,2.0,
711,No,No,12,SURG,TESTES PROCEDURES W CC/MCC,2.2427,5.7,8.1,
712,No,No,12,SURG,TESTES PROCEDURES W/O CC/MCC,1.0408,2.5,3.6,
713,No,No,12,SURG,TRANSURETHRAL PROSTATECTOMY W CC/MCC,1.4680,3.5,4.8,
714,No,No,12,SURG,TRANSURETHRAL PROSTATECTOMY W/O CC/MCC,0.7777,1.7,2.1,
715,No,No,12,SURG,OTHER MALE REPRODUCTIVE SYSTEM O.R. PROC FOR MALIGNANCY W CC/MCC,1.9996,4.7,6.6,
716,No,No,12,SURG,OTHER MALE REPRODUCTIVE SYSTEM O.R. PROC FOR MALIGNANCY W/O CC/MCC,1.2081,1.5,1.7,
717,No,No,12,SURG,OTHER MALE REPRODUCTIVE SYSTEM O.R. PROC EXC MALIGNANCY W CC/MCC,1.7744,4.6,6.5,
718,No,No,12,SURG,OTHER MALE REPRODUCTIVE SYSTEM O.R. PROC EXC MALIGNANCY W/O CC/MCC,0.9988,2.3,2.9,
722,No,No,12,MED,"MALIGNANCY, MALE REPRODUCTIVE SYSTEM W MCC",1.7545,5.6,7.3,
723,No,No,12,MED,"MALIGNANCY, MALE REPRODUCTIVE SYSTEM W CC",1.0643,3.9,4.9,
724,No,No,12,MED,"MALIGNANCY, MALE REPRODUCTIVE SYSTEM W/O CC/MCC",0.6259,2.2,3.0,
725,No,No,12,MED,BENIGN PROSTATIC HYPERTROPHY W MCC,1.1829,4.3,5.6,
726,No,No,12,MED,BENIGN PROSTATIC HYPERTROPHY W/O MCC,0.7000,2.7,3.3,
727,No,No,12,MED,INFLAMMATION OF THE MALE REPRODUCTIVE SYSTEM W MCC,1.4123,4.9,6.2,
728,No,No,12,MED,INFLAMMATION OF THE MALE REPRODUCTIVE SYSTEM W/O MCC,0.7982,3.2,3.9,
729,No,No,12,MED,OTHER MALE REPRODUCTIVE SYSTEM DIAGNOSES W CC/MCC,1.0364,3.4,4.5,
730,No,No,12,MED,OTHER MALE REPRODUCTIVE SYSTEM DIAGNOSES W/O CC/MCC,0.6667,2.3,3.0,
734,No,No,13,SURG,"PELVIC EVISCERATION, RAD HYSTERECTOMY & RAD VULVECTOMY W CC/MCC",2.5674,4.6,6.5,
735,No,No,13,SURG,"PELVIC EVISCERATION, RAD HYSTERECTOMY & RAD VULVECTOMY W/O CC/MCC",1.2207,1.9,2.3,
736,No,No,13,SURG,UTERINE & ADNEXA PROC FOR OVARIAN OR ADNEXAL MALIGNANCY W MCC,4.3707,10.1,12.5,
737,No,No,13,SURG,UTERINE & ADNEXA PROC FOR OVARIAN OR ADNEXAL MALIGNANCY W CC,2.0125,5.2,6.1,
738,No,No,13,SURG,UTERINE & ADNEXA PROC FOR OVARIAN OR ADNEXAL MALIGNANCY W/O CC/MCC,1.2786,2.9,3.3,
739,No,No,13,SURG,"UTERINE,ADNEXA PROC FOR NON-OVARIAN/ADNEXAL MALIG W MCC",3.3060,6.7,9.2,
740,No,No,13,SURG,"UTERINE,ADNEXA PROC FOR NON-OVARIAN/ADNEXAL MALIG W CC",1.6032,3.2,4.0,
741,No,No,13,SURG,"UTERINE,ADNEXA PROC FOR NON-OVARIAN/ADNEXAL MALIG W/O CC/MCC",1.1847,1.8,2.1,
742,No,No,13,SURG,UTERINE & ADNEXA PROC FOR NON-MALIGNANCY W CC/MCC,1.5383,3.0,4.0,
743,No,No,13,SURG,UTERINE & ADNEXA PROC FOR NON-MALIGNANCY W/O CC/MCC,0.9969,1.7,2.0,
744,No,No,13,SURG,"D&C, CONIZATION, LAPAROSCOPY & TUBAL INTERRUPTION W CC/MCC",1.7262,4.3,5.9,
745,No,No,13,SURG,"D&C, CONIZATION, LAPAROSCOPY & TUBAL INTERRUPTION W/O CC/MCC",0.9429,1.9,2.3,
746,No,No,13,SURG,"VAGINA, CERVIX & VULVA PROCEDURES W CC/MCC",1.4167,3.2,4.6,
747,No,No,13,SURG,"VAGINA, CERVIX & VULVA PROCEDURES W/O CC/MCC",0.8803,1.6,1.8,
748,No,No,13,SURG,FEMALE REPRODUCTIVE SYSTEM RECONSTRUCTIVE PROCEDURES,1.0733,1.6,1.9,
749,No,No,13,SURG,OTHER FEMALE REPRODUCTIVE SYSTEM O.R. PROCEDURES W CC/MCC,2.5594,6.1,8.3,
750,No,No,13,SURG,OTHER FEMALE REPRODUCTIVE SYSTEM O.R. PROCEDURES W/O CC/MCC,1.1909,2.2,2.8,
754,No,No,13,MED,"MALIGNANCY, FEMALE REPRODUCTIVE SYSTEM W MCC",1.9542,5.9,8.3,
755,No,No,13,MED,"MALIGNANCY, FEMALE REPRODUCTIVE SYSTEM W CC",1.1000,3.7,4.9,
756,No,No,13,MED,"MALIGNANCY, FEMALE REPRODUCTIVE SYSTEM W/O CC/MCC",0.6441,2.2,2.9,
757,No,No,13,MED,"INFECTIONS, FEMALE REPRODUCTIVE SYSTEM W MCC",1.5301,5.7,7.2,
758,No,No,13,MED,"INFECTIONS, FEMALE REPRODUCTIVE SYSTEM W CC",1.0507,4.3,5.3,
759,No,No,13,MED,"INFECTIONS, FEMALE REPRODUCTIVE SYSTEM W/O CC/MCC",0.6900,3.1,3.8,
760,No,No,13,MED,MENSTRUAL & OTHER FEMALE REPRODUCTIVE SYSTEM DISORDERS W CC/MCC,0.8367,2.7,3.6,
761,No,No,13,MED,MENSTRUAL & OTHER FEMALE REPRODUCTIVE SYSTEM DISORDERS W/O CC/MCC,0.5008,1.8,2.2,
765,No,No,14,SURG,CESAREAN SECTION W CC/MCC,1.0839,3.8,4.7,
766,No,No,14,SURG,CESAREAN SECTION W/O CC/MCC,0.7521,2.9,3.1,
767,No,No,14,SURG,VAGINAL DELIVERY W STERILIZATION &/OR D&C,0.8566,2.4,2.9,
768,No,No,14,SURG,VAGINAL DELIVERY W O.R. PROC EXCEPT STERIL &/OR D&C,1.8885,4.7,5.8,
769,No,No,14,SURG,POSTPARTUM & POST ABORTION DIAGNOSES W O.R. PROCEDURE,1.9033,3.6,5.8,
770,No,No,14,SURG,"ABORTION W D&C, ASPIRATION CURETTAGE OR HYSTEROTOMY",0.8118,1.6,2.1,
774,No,No,14,MED,VAGINAL DELIVERY W COMPLICATING DIAGNOSES,0.7121,2.6,3.1,
775,No,No,14,MED,VAGINAL DELIVERY W/O COMPLICATING DIAGNOSES,0.5607,2.1,2.3,
776,No,No,14,MED,POSTPARTUM & POST ABORTION DIAGNOSES W/O O.R. PROCEDURE,0.8260,2.7,3.7,
777,No,No,14,MED,ECTOPIC PREGNANCY,1.0178,1.7,2.2,
778,No,No,14,MED,THREATENED ABORTION,0.5554,2.1,3.2,
779,No,No,14,MED,ABORTION W/O D&C,0.6446,1.5,2.0,
780,No,No,14,MED,FALSE LABOR,0.2862,1.2,1.4,
781,No,No,14,MED,OTHER ANTEPARTUM DIAGNOSES W MEDICAL COMPLICATIONS,0.7496,2.7,3.9,
782,No,No,14,MED,OTHER ANTEPARTUM DIAGNOSES W/O MEDICAL COMPLICATIONS,0.4033,1.7,2.3,
789,No,No,15,MED,"NEONATES, DIED OR TRANSFERRED TO ANOTHER ACUTE CARE FACILITY",1.5512,1.8,1.8,
790,No,No,15,MED,"EXTREME IMMATURITY OR RESPIRATORY DISTRESS SYNDROME, NEONATE",5.1152,17.9,17.9,
791,No,No,15,MED,PREMATURITY W MAJOR PROBLEMS,3.4936,13.3,13.3,
792,No,No,15,MED,PREMATURITY W/O MAJOR PROBLEMS,2.1079,8.6,8.6,
793,No,No,15,MED,FULL TERM NEONATE W MAJOR PROBLEMS,3.5887,4.7,4.7,
794,No,No,15,MED,NEONATE W OTHER SIGNIFICANT PROBLEMS,1.2702,3.4,3.4,
795,No,No,15,MED,NORMAL NEWBORN,0.1720,3.1,3.1,
799,No,No,16,SURG,SPLENECTOMY W MCC,4.9742,9.4,12.2,
800,No,No,16,SURG,SPLENECTOMY W CC,2.6436,5.6,7.1,
801,No,No,16,SURG,SPLENECTOMY W/O CC/MCC,1.5434,2.9,3.5,
802,No,No,16,SURG,OTHER O.R. PROC OF THE BLOOD & BLOOD FORMING ORGANS W MCC,3.3636,7.8,10.6,
803,No,No,16,SURG,OTHER O.R. PROC OF THE BLOOD & BLOOD FORMING ORGANS W CC,1.8445,4.5,5.9,
804,No,No,16,SURG,OTHER O.R. PROC OF THE BLOOD & BLOOD FORMING ORGANS W/O CC/MCC,1.2101,2.4,3.1,
808,No,No,16,MED,MAJOR HEMATOL/IMMUN DIAG EXC SICKLE CELL CRISIS & COAGUL W MCC,2.2741,6.1,8.0,
809,No,No,16,MED,MAJOR HEMATOL/IMMUN DIAG EXC SICKLE CELL CRISIS & COAGUL W CC,1.1992,3.8,4.8,
810,No,No,16,MED,MAJOR HEMATOL/IMMUN DIAG EXC SICKLE CELL CRISIS & COAGUL W/O CC/MCC,0.8409,2.6,3.3,
811,No,No,16,MED,RED BLOOD CELL DISORDERS W MCC,1.2788,3.6,4.9,
812,No,No,16,MED,RED BLOOD CELL DISORDERS W/O MCC,0.8131,2.6,3.4,
813,No,No,16,MED,COAGULATION DISORDERS,1.6432,3.5,4.9,
814,No,No,16,MED,RETICULOENDOTHELIAL & IMMUNITY DISORDERS W MCC,1.7024,5.0,6.9,
815,No,No,16,MED,RETICULOENDOTHELIAL & IMMUNITY DISORDERS W CC,0.9953,3.4,4.3,
816,No,No,16,MED,RETICULOENDOTHELIAL & IMMUNITY DISORDERS W/O CC/MCC,0.6859,2.3,2.9,
820,No,No,17,SURG,LYMPHOMA & LEUKEMIA W MAJOR O.R. PROCEDURE W MCC,5.4744,11.7,15.4,
821,No,No,17,SURG,LYMPHOMA & LEUKEMIA W MAJOR O.R. PROCEDURE W CC,2.2964,4.6,6.4,
822,No,No,17,SURG,LYMPHOMA & LEUKEMIA W MAJOR O.R. PROCEDURE W/O CC/MCC,1.2822,2.2,2.8,
823,No,No,17,SURG,LYMPHOMA & NON-ACUTE LEUKEMIA W OTHER O.R. PROC W MCC,4.4385,11.4,14.6,
824,No,No,17,SURG,LYMPHOMA & NON-ACUTE LEUKEMIA W OTHER O.R. PROC W CC,2.2829,6.0,7.7,
825,No,No,17,SURG,LYMPHOMA & NON-ACUTE LEUKEMIA W OTHER O.R. PROC W/O CC/MCC,1.3629,2.9,3.9,
826,No,No,17,SURG,MYELOPROLIF DISORD OR POORLY DIFF NEOPL W MAJ O.R. PROC W MCC,5.0892,10.5,13.9,
827,No,No,17,SURG,MYELOPROLIF DISORD OR POORLY DIFF NEOPL W MAJ O.R. PROC W CC,2.3103,5.2,6.7,
828,No,No,17,SURG,MYELOPROLIF DISORD OR POORLY DIFF NEOPL W MAJ O.R. PROC W/O CC/MCC,1.5329,2.8,3.5,
829,No,No,17,SURG,MYELOPROLIF DISORD OR POORLY DIFF NEOPL W OTHER O.R. PROC W CC/MCC,3.4133,6.9,10.5,
830,No,No,17,SURG,MYELOPROLIF DISORD OR POORLY DIFF NEOPL W OTHER O.R. PROC W/O CC/MCC,1.2237,2.3,3.0,
834,No,No,17,MED,ACUTE LEUKEMIA W/O MAJOR O.R. PROCEDURE W MCC,5.2411,10.1,16.5,
835,No,No,17,MED,ACUTE LEUKEMIA W/O MAJOR O.R. PROCEDURE W CC,2.1052,4.7,7.6,
836,No,No,17,MED,ACUTE LEUKEMIA W/O MAJOR O.R. PROCEDURE W/O CC/MCC,1.1652,2.8,4.0,
837,No,No,17,MED,CHEMO W ACUTE LEUKEMIA AS SDX OR W HIGH DOSE CHEMO AGENT W MCC,6.3985,16.4,22.2,
838,No,No,17,MED,CHEMO W ACUTE LEUKEMIA AS SDX W CC OR HIGH DOSE CHEMO AGENT,2.7872,6.9,9.9,
839,No,No,17,MED,CHEMO W ACUTE LEUKEMIA AS SDX W/O CC/MCC,1.2429,4.9,5.7,
840,Yes,No,17,MED,LYMPHOMA & NON-ACUTE LEUKEMIA W MCC,3.0933,7.7,10.5,
841,Yes,No,17,MED,LYMPHOMA & NON-ACUTE LEUKEMIA W CC,1.5923,4.7,6.2,
842,Yes,No,17,MED,LYMPHOMA & NON-ACUTE LEUKEMIA W/O CC/MCC,1.0634,3.0,3.9,
843,No,No,17,MED,OTHER MYELOPROLIF DIS OR POORLY DIFF NEOPL DIAG W MCC,1.7847,5.5,7.4,
844,No,No,17,MED,OTHER MYELOPROLIF DIS OR POORLY DIFF NEOPL DIAG W CC,1.2037,4.1,5.4,
845,No,No,17,MED,OTHER MYELOPROLIF DIS OR POORLY DIFF NEOPL DIAG W/O CC/MCC,0.8513,3.0,3.8,
846,No,No,17,MED,CHEMOTHERAPY W/O ACUTE LEUKEMIA AS SECONDARY DIAGNOSIS W MCC,2.2959,5.7,7.9,
847,No,No,17,MED,CHEMOTHERAPY W/O ACUTE LEUKEMIA AS SECONDARY DIAGNOSIS W CC,1.1475,3.1,3.7,
848,No,No,17,MED,CHEMOTHERAPY W/O ACUTE LEUKEMIA AS SECONDARY DIAGNOSIS W/O CC/MCC,0.8318,2.4,3.0,
849,No,No,17,MED,RADIOTHERAPY,1.4578,4.6,5.9,
853,Yes,No,18,SURG,INFECTIOUS & PARASITIC DISEASES W O.R. PROCEDURE W MCC,5.1957,10.8,13.8,
854,Yes,No,18,SURG,INFECTIOUS & PARASITIC DISEASES W O.R. PROCEDURE W CC,2.3892,6.7,8.1,
855,Yes,No,18,SURG,INFECTIOUS & PARASITIC DISEASES W O.R. PROCEDURE W/O CC/MCC,1.7075,3.5,4.9,
856,Yes,No,18,SURG,POSTOPERATIVE OR POST-TRAUMATIC INFECTIONS W O.R. PROC W MCC,4.7736,10.0,13.3,
857,Yes,No,18,SURG,POSTOPERATIVE OR POST-TRAUMATIC INFECTIONS W O.R. PROC W CC,2.0478,5.6,7.0,
858,Yes,No,18,SURG,POSTOPERATIVE OR POST-TRAUMATIC INFECTIONS W O.R. PROC W/O CC/MCC,1.2917,3.8,4.6,
862,Yes,No,18,MED,POSTOPERATIVE & POST-TRAUMATIC INFECTIONS W MCC,1.8485,5.5,7.2,
863,Yes,No,18,MED,POSTOPERATIVE & POST-TRAUMATIC INFECTIONS W/O MCC,0.9805,3.7,4.5,
864,No,No,18,MED,FEVER,0.8397,2.9,3.6,
865,No,No,18,MED,VIRAL ILLNESS W MCC,1.5099,4.3,5.9,
866,No,No,18,MED,VIRAL ILLNESS W/O MCC,0.7408,2.8,3.4,
867,Yes,No,18,MED,OTHER INFECTIOUS & PARASITIC DISEASES DIAGNOSES W MCC,2.7194,7.0,9.5,
868,Yes,No,18,MED,OTHER INFECTIOUS & PARASITIC DISEASES DIAGNOSES W CC,1.0749,3.9,4.9,
869,Yes,No,18,MED,OTHER INFECTIOUS & PARASITIC DISEASES DIAGNOSES W/O CC/MCC,0.6811,2.7,3.3,
870,Yes,No,18,MED,SEPTICEMIA OR SEVERE SEPSIS W MV 96+ HOURS,5.8825,12.6,14.6,
871,Yes,No,18,MED,SEPTICEMIA OR SEVERE SEPSIS W/O MV 96+ HOURS W MCC,1.8077,5.1,6.6,
872,Yes,No,18,MED,SEPTICEMIA OR SEVERE SEPSIS W/O MV 96+ HOURS W/O MCC,1.0409,4.0,4.7,
876,No,No,19,SURG,O.R. PROCEDURE W PRINCIPAL DIAGNOSES OF MENTAL ILLNESS,3.3117,7.3,14.5,
880,No,No,19,MED,ACUTE ADJUSTMENT REACTION & PSYCHOSOCIAL DYSFUNCTION,0.6684,2.3,3.1,
881,No,No,19,MED,DEPRESSIVE NEUROSES,0.6441,3.3,4.4,
882,No,No,19,MED,NEUROSES EXCEPT DEPRESSIVE,0.6921,3.3,4.6,
883,No,No,19,MED,DISORDERS OF PERSONALITY & IMPULSE CONTROL,1.3094,4.3,7.8,
884,Yes,No,19,MED,ORGANIC DISTURBANCES & MENTAL RETARDATION,1.0727,4.1,5.9,
885,No,No,19,MED,PSYCHOSES,1.0144,5.4,7.4,
886,No,No,19,MED,BEHAVIORAL & DEVELOPMENTAL DISORDERS,0.8264,3.9,6.2,
887,No,No,19,MED,OTHER MENTAL DISORDER DIAGNOSES,0.9255,3.0,4.5,
894,No,No,20,MED,"ALCOHOL/DRUG ABUSE OR DEPENDENCE, LEFT AMA",0.4419,2.1,3.0,
895,No,No,20,MED,ALCOHOL/DRUG ABUSE OR DEPENDENCE W REHABILITATION THERAPY,1.2044,9.6,12.3,
896,Yes,No,20,MED,ALCOHOL/DRUG ABUSE OR DEPENDENCE W/O REHABILITATION THERAPY W MCC,1.5223,4.8,6.5,
897,Yes,No,20,MED,ALCOHOL/DRUG ABUSE OR DEPENDENCE W/O REHABILITATION THERAPY W/O MCC,0.6812,3.2,4.0,
901,No,No,21,SURG,WOUND DEBRIDEMENTS FOR INJURIES W MCC,3.9756,8.9,13.1,
902,No,No,21,SURG,WOUND DEBRIDEMENTS FOR INJURIES W CC,1.7260,5.0,6.9,
903,No,No,21,SURG,WOUND DEBRIDEMENTS FOR INJURIES W/O CC/MCC,1.1019,3.2,4.3,
904,No,No,21,SURG,SKIN GRAFTS FOR INJURIES W CC/MCC,3.3211,7.2,10.6,
905,No,No,21,SURG,SKIN GRAFTS FOR INJURIES W/O CC/MCC,1.3712,3.5,4.5,
906,No,No,21,SURG,HAND PROCEDURES FOR INJURIES,1.1793,2.3,3.3,
907,Yes,No,21,SURG,OTHER O.R. PROCEDURES FOR INJURIES W MCC,3.7748,7.4,10.2,
908,Yes,No,21,SURG,OTHER O.R. PROCEDURES FOR INJURIES W CC,1.9497,4.3,5.6,
909,Yes,No,21,SURG,OTHER O.R. PROCEDURES FOR INJURIES W/O CC/MCC,1.2463,2.6,3.3,
913,No,No,21,MED,TRAUMATIC INJURY W MCC,1.1411,3.5,4.8,
914,No,No,21,MED,TRAUMATIC INJURY W/O MCC,0.6971,2.4,3.0,
915,No,No,21,MED,ALLERGIC REACTIONS W MCC,1.5388,3.7,5.0,
916,No,No,21,MED,ALLERGIC REACTIONS W/O MCC,0.5141,1.7,2.1,
917,Yes,No,21,MED,POISONING & TOXIC EFFECTS OF DRUGS W MCC,1.4049,3.5,4.8,
918,Yes,No,21,MED,POISONING & TOXIC EFFECTS OF DRUGS W/O MCC,0.6384,2.1,2.8,
919,No,No,21,MED,COMPLICATIONS OF TREATMENT W MCC,1.6735,4.4,6.0,
920,No,No,21,MED,COMPLICATIONS OF TREATMENT W CC,0.9836,3.0,4.0,
921,No,No,21,MED,COMPLICATIONS OF TREATMENT W/O CC/MCC,0.6577,2.2,2.7,
922,No,No,21,MED,"OTHER INJURY, POISONING & TOXIC EFFECT DIAG W MCC",1.4971,3.9,5.7,
923,No,No,21,MED,"OTHER INJURY, POISONING & TOXIC EFFECT DIAG W/O MCC",0.7339,2.3,3.3,
927,No,No,22,SURG,EXTENSIVE BURNS OR FULL THICKNESS BURNS W MV 96+ HRS W SKIN GRAFT,15.5381,22.9,28.9,
928,No,No,22,SURG,FULL THICKNESS BURN W SKIN GRAFT OR INHAL INJ W CC/MCC,5.3455,11.1,15.0,
929,No,No,22,SURG,FULL THICKNESS BURN W SKIN GRAFT OR INHAL INJ W/O CC/MCC,2.3138,5.6,7.3,
933,No,No,22,MED,EXTENSIVE BURNS OR FULL THICKNESS BURNS W MV 96+ HRS W/O SKIN GRAFT,2.7198,2.3,5.5,
934,No,No,22,MED,FULL THICKNESS BURN W/O SKIN GRFT OR INHAL INJ,1.5734,4.0,5.8,
935,No,No,22,MED,NON-EXTENSIVE BURNS,1.4741,3.3,5.0,
939,No,No,23,SURG,O.R. PROC W DIAGNOSES OF OTHER CONTACT W HEALTH SERVICES W MCC,2.7568,6.2,8.9,
940,No,No,23,SURG,O.R. PROC W DIAGNOSES OF OTHER CONTACT W HEALTH SERVICES W CC,1.8110,3.6,5.2,
941,No,No,23,SURG,O.R. PROC W DIAGNOSES OF OTHER CONTACT W HEALTH SERVICES W/O CC/MCC,1.3306,2.2,2.8,
945,Yes,No,23,MED,REHABILITATION W CC/MCC,1.2614,8.6,10.4,
946,Yes,No,23,MED,REHABILITATION W/O CC/MCC,1.0572,6.6,7.6,
947,Yes,No,23,MED,SIGNS & SYMPTOMS W MCC,1.1341,3.6,4.8,
948,Yes,No,23,MED,SIGNS & SYMPTOMS W/O MCC,0.7037,2.6,3.3,
949,No,No,23,MED,AFTERCARE W CC/MCC,1.0457,3.1,4.6,
950,No,No,23,MED,AFTERCARE W/O CC/MCC,0.5459,2.4,3.3,
951,No,No,23,MED,OTHER FACTORS INFLUENCING HEALTH STATUS,0.8989,2.4,5.3,
955,No,No,24,SURG,CRANIOTOMY FOR MULTIPLE SIGNIFICANT TRAUMA,5.5564,8.0,11.5,
956,Yes,No,24,SURG,"LIMB REATTACHMENT, HIP & FEMUR PROC FOR MULTIPLE SIGNIFICANT TRAUMA",3.6190,6.5,8.0,
957,No,No,24,SURG,OTHER O.R. PROCEDURES FOR MULTIPLE SIGNIFICANT TRAUMA W MCC,6.8817,10.0,14.1,
958,No,No,24,SURG,OTHER O.R. PROCEDURES FOR MULTIPLE SIGNIFICANT TRAUMA W CC,3.8648,7.3,8.9,
959,No,No,24,SURG,OTHER O.R. PROCEDURES FOR MULTIPLE SIGNIFICANT TRAUMA W/O CC/MCC,2.5554,4.6,5.7,
963,No,No,24,MED,OTHER MULTIPLE SIGNIFICANT TRAUMA W MCC,2.6993,5.6,8.2,
964,No,No,24,MED,OTHER MULTIPLE SIGNIFICANT TRAUMA W CC,1.5050,4.2,5.2,
965,No,No,24,MED,OTHER MULTIPLE SIGNIFICANT TRAUMA W/O CC/MCC,0.9330,2.9,3.6,
969,No,No,25,SURG,HIV W EXTENSIVE O.R. PROCEDURE W MCC,6.1076,12.3,16.9,
970,No,No,25,SURG,HIV W EXTENSIVE O.R. PROCEDURE W/O MCC,2.1909,5.4,7.1,
974,No,No,25,MED,HIV W MAJOR RELATED CONDITION W MCC,2.6721,6.7,9.2,
975,No,No,25,MED,HIV W MAJOR RELATED CONDITION W CC,1.2963,4.5,5.8,
976,No,No,25,MED,HIV W MAJOR RELATED CONDITION W/O CC/MCC,0.8773,3.2,4.0,
977,No,No,25,MED,HIV W OR W/O OTHER RELATED CONDITION,1.1266,3.5,4.7,
981,Yes,No,0,SURG,EXTENSIVE O.R. PROCEDURE UNRELATED TO PRINCIPAL DIAGNOSIS W MCC,4.9874,9.9,13.0,
982,Yes,No,0,SURG,EXTENSIVE O.R. PROCEDURE UNRELATED TO PRINCIPAL DIAGNOSIS W CC,2.8222,5.7,7.4,
983,Yes,No,0,SURG,EXTENSIVE O.R. PROCEDURE UNRELATED TO PRINCIPAL DIAGNOSIS W/O CC/MCC,1.7918,2.7,3.7,
984,No,No,0,SURG,PROSTATIC O.R. PROCEDURE UNRELATED TO PRINCIPAL DIAGNOSIS W MCC,3.4179,9.5,13.0,
985,No,No,0,SURG,PROSTATIC O.R. PROCEDURE UNRELATED TO PRINCIPAL DIAGNOSIS W CC,1.8468,5.1,6.9,
986,No,No,0,SURG,PROSTATIC O.R. PROCEDURE UNRELATED TO PRINCIPAL DIAGNOSIS W/O CC/MCC,1.0408,2.5,3.3,
987,Yes,No,0,SURG,NON-EXTENSIVE O.R. PROC UNRELATED TO PRINCIPAL DIAGNOSIS W MCC,3.3015,8.3,11.0,
988,Yes,No,0,SURG,NON-EXTENSIVE O.R. PROC UNRELATED TO PRINCIPAL DIAGNOSIS W CC,1.7200,4.8,6.4,
989,Yes,No,0,SURG,NON-EXTENSIVE O.R. PROC UNRELATED TO PRINCIPAL DIAGNOSIS W/O CC/MCC,1.0432,2.3,3.1,
998,,,,**,PRINCIPAL DIAGNOSIS INVALID AS DISCHARGE DIAGNOSIS,0.0000,0.0,0.0,
999,,,,**,UNGROUPABLE,0.0000,0.0,0.0,
,,,,,,,,,
**MS-DRGs 998 and 999 contain cases that could not be assigned to valid DRGs.,,,,,,,,,